ICAO,id,ident,type,name,Weight,latitude_deg,longitude_deg,elevation_ft,iso_country,iso_region,municipality,Alaska Airlines,American Airlines,Allegiant Air,Frontier Airlines,JetBlue Airways,Delta Air Lines,United Airlines,SkyWest Airlines,Southwest Airlines,Hawaiian Airlines,airline_count
PADK,16092,PADK,medium_airport,Adak Airport,,51.87799835,-176.6459961,18,US,US-AK,Adak Island,Y,N,N,N,N,N,N,N,N,N,1
KABQ,16091,KABQ,large_airport,Albuquerque International Sunport,,35.040199,-106.609001,5355,US,US-NM,Albuquerque,Y,Y,Y,Y,Y,Y,Y,Y,Y,N,9
PANC,5388,PANC,large_airport,Ted Stevens Anchorage International Airport,Hub,61.17440033,-149.9960022,152,US,US-AK,Anchorage,Y,Y,Y,N,N,Y,Y,N,N,N,5
KATL,3384,KATL,large_airport,Hartsfield Jackson Atlanta International Airport,Hub,33.6367,-84.428101,1026,US,US-GA,Atlanta,Y,Y,N,Y,Y,Y,Y,Y,Y,N,8
KAUS,3386,KAUS,large_airport,Austin Bergstrom International Airport,,30.19449997,-97.66989899,542,US,US-TX,Austin,Y,Y,Y,Y,Y,Y,Y,Y,Y,N,9
KBWI,3435,KBWI,large_airport,Baltimore/Washington International Thurgood Marshall Airport,Hub,39.1754,-76.668297,146,US,US-MD,Baltimore,Y,N,Y,Y,Y,Y,Y,N,Y,N,7
PABR,5342,PABR,medium_airport,Wiley Post Will Rogers Memorial Airport,,71.285402,-156.766008,44,US,US-AK,Utqiagvik,Y,N,N,N,N,N,N,N,N,N,1
KBLI,3416,KBLI,medium_airport,Bellingham International Airport,Focus,48.7928009,-122.538002,170,US,US-WA,Bellingham,Y,N,Y,N,N,N,N,N,N,N,2
PABE,5338,PABE,medium_airport,Bethel Airport,,60.77980042,-161.8379974,126,US,US-AK,Bethel,Y,N,N,N,N,N,N,N,N,N,1
KBOI,3421,KBOI,large_airport,Boise Air Terminal/Gowen Field,,43.5644,-116.223,2871,US,US-ID,Boise,Y,N,Y,Y,N,Y,Y,Y,Y,N,7
KBOS,3422,KBOS,large_airport,General Edward Lawrence Logan International Airport,Hub,42.36429977,-71.00520325,20,US,US-MA,Boston,Y,N,Y,Y,Y,Y,Y,Y,Y,Y,9
KBZN,3437,KBZN,medium_airport,Gallatin Field,,45.77750015,-111.1529999,4473,US,US-MT,Bozeman,Y,N,Y,Y,Y,Y,Y,Y,N,N,7
KBUR,3432,KBUR,medium_airport,Bob Hope Airport,,34.20069885,-118.3590012,778,US,US-CA,Burbank,Y,N,N,N,Y,Y,Y,Y,Y,N,6
CYYC,1973,CYYC,large_airport,Calgary International Airport,,51.11389923,-114.0199966,3557,CA,CA-AB,Calgary,Y,Y,N,Y,N,Y,Y,Y,N,N,6
MMUN,4762,MMUN,large_airport,CancÃºn International Airport,,21.03650093,-86.87709808,22,MX,MX-ROO,Cancun,Y,Y,N,Y,Y,Y,Y,N,Y,N,7
KCHS,3450,KCHS,large_airport,Charleston Air Force Base-International Airport,,32.89860153,-80.04049683,46,US,US-SC,Charleston,Y,N,Y,Y,Y,Y,Y,Y,Y,N,8
KORD,3754,KORD,large_airport,Chicago O'Hare International Airport,Hub,41.9786,-87.9048,672,US,US-IL,Chicago O Hare,Y,N,N,Y,N,Y,Y,Y,N,N,5
KCMH,3458,KCMH,large_airport,John Glenn Columbus International Airport,,39.998001,-82.891899,815,US,US-OH,Columbus,Y,Y,N,Y,N,Y,Y,Y,Y,N,7
PACV,5348,PACV,medium_airport,Merle K (Mudhole) Smith Airport,,60.4917984,-145.4779968,54,US,US-AK,Cordova,Y,N,N,N,N,N,N,N,N,N,1
KDFW,3488,KDFW,large_airport,Dallas Fort Worth International Airport,Hub,32.896801,-97.038002,607,US,US-TX,Dallas-Fort Worth,Y,N,N,Y,Y,Y,Y,Y,N,N,6
KDAL,3479,KDAL,large_airport,Dallas Love Field,Hub,32.847099,-96.851799,487,US,US-TX,Dallas Love Field,Y,N,N,N,N,Y,N,Y,Y,N,4
PASC,5405,PASC,medium_airport,Deadhorse Airport,,70.19470215,-148.4649963,65,US,US-AK,Deadhorse,Y,N,N,N,N,N,N,N,N,N,1
KDEN,3486,KDEN,large_airport,Denver International Airport,Hub,39.86169815,-104.6729965,5431,US,US-CO,Denver,Y,Y,Y,Y,Y,Y,Y,Y,Y,N,9
KDTW,3497,KDTW,large_airport,Detroit Metropolitan Wayne County Airport,Hub,42.21239853,-83.35340118,645,US,US-MI,Detroit,Y,N,N,Y,Y,Y,Y,Y,Y,N,7
PADL,5351,PADL,medium_airport,Dillingham Airport,,59.04470062,-158.5050049,81,US,US-AK,Dillingham,Y,N,N,N,N,N,N,N,N,N,1
KELP,3512,KELP,medium_airport,El Paso International Airport,,31.80719948,-106.3779984,3959,US,US-TX,El Paso,Y,Y,Y,Y,N,Y,N,Y,Y,N,7
KPAE,3763,KPAE,medium_airport,Snohomish County (Paine Field) Airport,,47.90629959,-122.2819977,606,US,US-WA,Everett,Y,N,N,N,N,N,Y,N,N,N,2
PAFA,5360,PAFA,large_airport,Fairbanks International Airport,,64.81510162,-147.8560028,439,US,US-AK,Fairbanks,Y,N,N,N,N,Y,Y,N,N,N,3
KFLL,3531,KFLL,large_airport,Fort Lauderdale Hollywood International Airport,Focus,26.072599,-80.152702,9,US,US-FL,Fort Lauderdale,Y,Y,Y,Y,Y,Y,Y,N,Y,N,8
MMGL,4710,MMGL,large_airport,Don Miguel Hidalgo Y Costilla International Airport,,20.52179909,-103.310997,5016,MX,MX-JAL,Guadalajara,Y,N,N,N,N,Y,Y,N,N,N,3
PAGS,5369,PAGS,medium_airport,Gustavus Airport,,58.4253006,-135.7070007,35,US,US-AK,Gustavus,Y,N,N,N,N,N,N,N,N,N,1
PHNL,5453,PHNL,large_airport,Daniel K Inouye International Airport,Hub,21.32062,-157.924228,13,US,US-HI,Honolulu,Y,Y,N,N,N,Y,Y,N,Y,Y,6
KIAH,3604,KIAH,large_airport,George Bush Intercontinental Houston Airport,Hub,29.9843998,-95.34140015,97,US,US-TX,Houston,Y,N,N,Y,Y,Y,Y,Y,N,N,6
KIND,3610,KIND,large_airport,Indianapolis International Airport,Focus,39.7173,-86.294403,797,US,US-IN,Indianapolis,Y,Y,Y,Y,N,Y,Y,Y,Y,N,8
MMZH,4766,MMZH,medium_airport,Ixtapa Zihuatanejo International Airport,,17.60160065,-101.4609985,26,MX,MX-GRO,Ixtapa,Y,Y,N,N,N,Y,Y,N,N,N,4
PAJN,5379,PAJN,medium_airport,Juneau International Airport,,58.35499954,-134.576004,21,US,US-AK,Juneau,Y,N,N,N,N,Y,N,N,N,N,2
PHOG,5455,PHOG,medium_airport,Kahului Airport,Hub,20.8986,-156.429993,54,US,US-HI,Kahului,Y,Y,N,N,N,Y,Y,N,Y,Y,6
KMCI,3668,KMCI,large_airport,Kansas City International Airport,,39.2976,-94.713898,1026,US,US-MO,Kansas City,Y,Y,Y,Y,N,Y,Y,Y,Y,N,8
PAKT,5382,PAKT,medium_airport,Ketchikan International Airport,,55.35559845,-131.7140045,89,US,US-AK,Ketchikan,Y,N,N,N,N,N,N,N,N,N,1
PAKN,5380,PAKN,medium_airport,King Salmon Airport,,58.67679977,-156.6490021,73,US,US-AK,King Salmon,Y,N,N,N,N,N,N,N,N,N,1
PADQ,5353,PADQ,medium_airport,Kodiak Airport,,57.75,-152.4940033,78,US,US-AK,Kodiak,Y,N,N,N,N,N,N,N,N,N,1
PHKO,5448,PHKO,medium_airport,Ellison Onizuka Kona International At Keahole Airport,,19.738783,-156.045603,47,US,US-HI,Kailua/Kona,Y,N,N,N,N,Y,Y,N,Y,Y,5
PAOT,5395,PAOT,medium_airport,Ralph Wien Memorial Airport,,66.88469696,-162.598999,14,US,US-AK,Kotzebue,Y,N,N,N,N,N,N,N,N,N,1
KLAS,3631,KLAS,large_airport,McCarran International Airport,Hub,36.08010101,-115.1520004,2181,US,US-NV,Las Vegas,Y,Y,Y,Y,Y,Y,Y,Y,Y,Y,10
MRLB,4806,MRLB,large_airport,Daniel Oduber Quiros International Airport,,10.5933,-85.544403,270,CR,CR-G,Liberia,Y,N,N,N,Y,Y,Y,N,Y,N,5
PHLI,5449,PHLI,medium_airport,Lihue Airport,,21.97599983,-159.3390045,153,US,US-HI,Lihue,Y,Y,N,N,N,Y,Y,N,Y,Y,6
MMLT,4724,MMLT,medium_airport,Loreto International Airport,,25.98920059,-111.3479996,34,MX,MX-BCS,Loreto,Y,N,N,N,N,N,N,N,N,N,1
KLAX,3632,KLAX,large_airport,Los Angeles International Airport,Hub,33.94250107,-118.4079971,125,US,US-CA,Los Angeles,Y,N,Y,Y,Y,Y,Y,Y,Y,Y,9
MMZO,4768,MMZO,medium_airport,Playa De Oro International Airport,,19.14480019,-104.5589981,30,MX,MX-COL,Manzanillo,Y,N,N,N,N,N,N,N,N,N,1
MMMZ,4733,MMMZ,medium_airport,General Rafael Buelna International Airport,,23.16139984,-106.2659988,38,MX,MX-SIN,Mazatlan,Y,N,N,N,N,Y,N,N,N,N,2
KMKE,3690,KMKE,large_airport,General Mitchell International Airport,,42.94720078,-87.89659882,723,US,US-WI,Milwaukee,Y,N,N,Y,N,Y,Y,Y,Y,N,6
KMSP,3709,KMSP,large_airport,Minneapolis-St Paul International/Wold-Chamberlain Airport,Hub,44.882,-93.221802,841,US,US-MN,Minneapolis,Y,N,N,Y,Y,Y,Y,Y,Y,N,7
KBNA,3420,KBNA,large_airport,Nashville International Airport,,36.12450027,-86.67819977,599,US,US-TN,Nashville,Y,Y,Y,Y,Y,Y,Y,Y,Y,N,9
KMSY,3711,KMSY,large_airport,Louis Armstrong New Orleans International Airport,,29.99340057,-90.25800323,4,US,US-LA,New Orleans,Y,Y,Y,Y,Y,Y,Y,Y,Y,N,9
KJFK,3622,KJFK,large_airport,John F Kennedy International Airport,Hub,40.63980103,-73.77890015,13,US,US-NY,New York JFK,Y,N,N,N,Y,Y,N,Y,N,Y,5
KEWR,3521,KEWR,large_airport,Newark Liberty International Airport,Hub,40.69250107,-74.16870117,18,US,US-NJ,Newark,Y,Y,Y,Y,Y,Y,Y,Y,N,N,8
PAOM,5393,PAOM,medium_airport,Nome Airport,,64.5121994,-165.4450073,37,US,US-AK,Nome,Y,N,N,N,N,N,N,N,N,N,1
KOAK,3744,KOAK,large_airport,Metropolitan Oakland International Airport,Hub,37.721298,-122.221001,9,US,US-CA,Oakland,Y,N,Y,N,Y,Y,N,Y,Y,Y,7
KOKC,3747,KOKC,large_airport,Will Rogers World Airport,,35.39310074,-97.60070038,1295,US,US-OK,Oklahoma City,Y,Y,Y,Y,N,Y,Y,Y,Y,N,8
KOMA,3751,KOMA,large_airport,Eppley Airfield,,41.3032,-95.894096,984,US,US-NE,Omaha,Y,Y,Y,Y,N,Y,Y,Y,Y,N,8
KONT,3752,KONT,large_airport,Ontario International Airport,,34.05599976,-117.6009979,944,US,US-CA,Ontario,Y,Y,N,Y,Y,Y,Y,Y,Y,N,8
KSNA,3894,KSNA,large_airport,John Wayne Airport-Orange County Airport,,33.67570114,-117.8679962,56,US,US-CA,Santa Ana,Y,N,N,Y,N,Y,Y,Y,Y,N,6
KMCO,3670,KMCO,large_airport,Orlando International Airport,Hub,28.42939949,-81.30899811,96,US,US-FL,Orlando,Y,Y,N,Y,Y,Y,Y,N,Y,N,7
KPSP,3792,KPSP,medium_airport,Palm Springs International Airport,,33.82970047,-116.5070038,477,US,US-CA,Palm Springs,Y,Y,Y,Y,Y,Y,Y,Y,N,N,8
PAPG,5398,PAPG,medium_airport,Petersburg James A Johnson Airport,,56.80170059,-132.9450073,111,US,US-AK,Petersburg,Y,N,N,N,N,N,N,N,N,N,1
KPHL,3771,KPHL,large_airport,Philadelphia International Airport,Hub,39.87189865,-75.2410965,36,US,US-PA,Philadelphia,Y,N,N,Y,Y,Y,Y,N,Y,N,6
KPHX,3772,KPHX,large_airport,Phoenix Sky Harbor International Airport,Hub,33.43429947,-112.012001,1135,US,US-AZ,Phoenix,Y,N,N,Y,Y,Y,Y,Y,Y,Y,8
KPIT,3778,KPIT,large_airport,Pittsburgh International Airport,Focus,40.49150085,-80.23290253,1203,US,US-PA,Pittsburgh,Y,Y,Y,Y,Y,Y,Y,Y,Y,N,9
KPDX,3768,KPDX,large_airport,Portland International Airport,Hub,45.58869934,-122.5979996,31,US,US-OR,Portland,Y,Y,N,Y,Y,Y,Y,Y,Y,Y,9
MMPR,4745,MMPR,large_airport,Licenciado Gustavo DÃ­az Ordaz International Airport,,20.68009949,-105.2539978,23,MX,MX-JAL,Puerto Vallarta,Y,Y,N,Y,N,Y,Y,N,Y,N,6
KRDU,3844,KRDU,large_airport,Raleigh Durham International Airport,Focus,35.87760162,-78.78749847,435,US,US-NC,Raleigh/Durham,Y,Y,Y,Y,Y,Y,Y,Y,Y,N,9
KRNO,3853,KRNO,large_airport,Reno Tahoe International Airport,,39.49909973,-119.7679977,4415,US,US-NV,Reno,Y,Y,Y,Y,Y,Y,Y,Y,Y,N,9
KSMF,3892,KSMF,large_airport,Sacramento International Airport,,38.69540024,-121.5910034,27,US,US-CA,Sacramento,Y,Y,N,Y,Y,Y,Y,Y,Y,Y,9
KSLC,3887,KSLC,large_airport,Salt Lake City International Airport,Hub,40.78839874,-111.9779968,4227,US,US-UT,Salt Lake City,Y,Y,N,Y,Y,Y,Y,Y,Y,N,8
KSAT,3863,KSAT,large_airport,San Antonio International Airport,,29.53370094,-98.46980286,809,US,US-TX,San Antonio,Y,Y,Y,Y,N,Y,Y,Y,Y,N,8
KSAN,3862,KSAN,large_airport,San Diego International Airport,Focus,32.73360062,-117.1900024,17,US,US-CA,San Diego,Y,Y,Y,Y,Y,Y,Y,Y,Y,Y,10
KSFO,3878,KSFO,large_airport,San Francisco International Airport,Hub,37.61899948,-122.375,13,US,US-CA,San Francisco,Y,Y,N,Y,Y,Y,Y,Y,Y,N,8
KSJC,3883,KSJC,large_airport,Norman Y. Mineta San Jose International Airport,Focus,37.362598,-121.929001,62,US,US-CA,San Jose,Y,N,N,Y,Y,Y,Y,Y,Y,Y,8
MROC,4810,MROC,medium_airport,Juan Santamaria International Airport,,9.993860245,-84.20880127,3021,CR,CR-A,San Jose,Y,N,N,N,Y,Y,Y,N,Y,N,5
MMSD,4750,MMSD,large_airport,Los Cabos International Airport,,23.15180016,-109.7210007,374,MX,MX-BCS,San Jose del Cabo,Y,Y,N,Y,N,Y,Y,N,Y,N,6
KSBA,3866,KSBA,medium_airport,Santa Barbara Municipal Airport,,34.42620087,-119.8399963,13,US,US-CA,Santa Barbara,Y,Y,N,Y,N,N,Y,Y,N,N,5
KSBP,3869,KSBP,medium_airport,San Luis County Regional Airport,,35.23680115,-120.6419983,212,US,US-CA,San Luis Obispo,Y,N,N,N,N,N,N,Y,N,N,2
KSEA,3875,KSEA,large_airport,Seattle Tacoma International Airport,Hub,47.449001,-122.308998,433,US,US-WA,Seattle,Y,Y,N,Y,Y,Y,Y,Y,Y,Y,9
PASI,5408,PASI,medium_airport,Sitka Rocky Gutierrez Airport,,57.04710007,-135.3619995,21,US,US-AK,Sitka,Y,N,N,N,N,N,N,N,N,N,1
KGEG,3552,KGEG,large_airport,Spokane International Airport,,47.61989975,-117.5339966,2376,US,US-WA,Spokane,Y,Y,N,Y,N,Y,Y,Y,Y,N,7
KSTL,3905,KSTL,large_airport,St Louis Lambert International Airport,,38.748697,-90.370003,618,US,US-MO,St Louis,Y,Y,N,Y,N,Y,Y,Y,Y,N,7
KTPA,3926,KTPA,large_airport,Tampa International Airport,,27.97550011,-82.53320313,26,US,US-FL,Tampa,Y,Y,N,Y,Y,Y,Y,Y,Y,N,8
KTUS,3932,KTUS,large_airport,Tucson International Airport,,32.11610031,-110.9410019,2643,US,US-AZ,Tucson,Y,Y,Y,Y,N,Y,Y,Y,Y,N,8
CYVR,1941,CYVR,large_airport,Vancouver International Airport,,49.19390106,-123.1839981,14,CA,CA-BC,Vancouver,Y,Y,N,N,N,Y,Y,Y,N,N,5
KDCA,3483,KDCA,large_airport,Ronald Reagan Washington National Airport,Hub,38.8521,-77.037697,15,US,US-DC,Washington,Y,N,N,Y,Y,Y,Y,Y,Y,N,7
KIAD,3602,KIAD,large_airport,Washington Dulles International Airport,Hub,38.94449997,-77.45580292,312,US,US-DC,Washington,Y,Y,N,Y,N,Y,Y,Y,Y,N,7
KICT,3605,KICT,large_airport,Wichita Eisenhower National Airport,,37.649899,-97.433098,1333,US,US-KS,Wichita,Y,N,Y,Y,N,Y,Y,Y,Y,N,7
PAWG,5421,PAWG,medium_airport,Wrangell Airport,,56.48429871,-132.3699951,49,US,US-AK,Wrangell,Y,N,N,N,N,N,N,N,N,N,1
PAYA,26343,PAYA,medium_airport,Yakutat Airport,,59.50329971,-139.6600037,33,US,US-AK,Yakutat,Y,N,N,N,N,N,N,N,N,N,1
TAPA,6359,TAPA,medium_airport,V.C. Bird International Airport,,17.1367,-61.792702,62,AG,AG-03,St. John's,N,Y,N,N,Y,Y,Y,N,N,N,4
SAEZ,5781,SAEZ,large_airport,Ministro Pistarini International Airport,,-34.8222,-58.5358,67,AR,AR-B,Buenos Aires,N,Y,N,N,N,Y,Y,N,N,N,3
TNCA,6402,TNCA,medium_airport,Queen Beatrix International Airport,,12.5014,-70.015198,60,AW,AW-U-A,Oranjestad,N,Y,N,N,Y,Y,Y,N,Y,N,5
MYNN,4951,MYNN,large_airport,Lynden Pindling International Airport,,25.039,-77.466202,16,BS,BS-NP,Nassau,N,Y,N,N,Y,Y,Y,N,Y,N,5
TBPB,6360,TBPB,medium_airport,Grantley Adams International Airport,,13.0746,-59.4925,169,BB,BB-01,Bridgetown,N,Y,N,N,Y,N,N,N,N,N,2
MZBZ,4956,MZBZ,large_airport,Philip S. W. Goldson International Airport,,17.53910065,-88.30819702,15,BZ,BZ-BZ,Belize City,N,Y,N,N,N,Y,Y,N,Y,N,4
TNCB,6403,TNCB,medium_airport,Flamingo International Airport,,12.13099957,-68.26850128,20,BQ,BQ-U-A,Kralendijk,N,Y,N,N,N,Y,Y,N,N,N,3
SBEG,5897,SBEG,large_airport,Eduardo Gomes International Airport,,-3.03861,-60.049702,264,BR,BR-AM,Manaus,N,Y,N,N,N,N,N,N,N,N,1
MWCR,4862,MWCR,large_airport,Owen Roberts International Airport,,19.2928009,-81.35769653,8,KY,KY-U-A,Georgetown,N,Y,N,N,Y,N,Y,N,Y,N,4
SKBQ,6105,SKBQ,medium_airport,Ernesto Cortissoz International Airport,,10.8896,-74.7808,98,CO,CO-ATL,Barranquilla,N,Y,N,N,N,N,N,N,N,N,1
SKBO,6104,SKBO,large_airport,El Dorado International Airport,,4.70159,-74.1469,8361,CO,CO-CUN,Bogota,N,Y,N,N,Y,Y,Y,N,N,N,4
SKPE,6148,SKPE,medium_airport,MatecaÃ±a International Airport,,4.81267,-75.7395,4416,CO,CO-RIS,Pereira,N,Y,N,N,N,N,N,N,N,N,1
LDDU,3984,LDDU,medium_airport,Dubrovnik Airport,,42.56140137,18.26819992,527,HR,HR-19,Dubrovnik,N,Y,N,N,N,N,N,N,N,N,1
MUHA,4839,MUHA,large_airport,JosÃ© MartÃ­ International Airport,,22.98920059,-82.40910339,210,CU,CU-03,Havana,N,Y,N,N,Y,Y,Y,N,Y,N,5
LKPR,4408,LKPR,large_airport,VÃ¡clav Havel Airport Prague,,50.1008,14.26,1247,CZ,CZ-PR,Prague,N,Y,N,N,N,Y,Y,N,N,N,3
MDPC,4636,MDPC,large_airport,Punta Cana International Airport,,18.56739998,-68.36340332,47,DO,DO-11,Punta Cana,N,Y,N,Y,Y,Y,Y,N,Y,N,6
MDST,4640,MDST,medium_airport,Cibao International Airport,,19.40609932,-70.60469818,565,DO,DO-25,Santiago,N,Y,N,Y,Y,Y,Y,N,N,N,5
MDSD,4638,MDSD,large_airport,Las AmÃ©ricas International Airport,,18.42970085,-69.66889954,59,DO,DO-01,Santo Domingo,N,Y,N,Y,Y,Y,Y,N,N,N,5
SEGU,6056,SEGU,medium_airport,JosÃ© JoaquÃ­n de Olmedo International Airport,,-2.15741992,-79.88359833,19,EC,EC-G,Guayaquil,N,Y,N,N,Y,N,N,N,N,N,2
SEQM,308273,SEQM,large_airport,Mariscal Sucre International Airport,,-0.1291666667,-78.3575,7841,EC,EC-P,Quito,N,Y,N,N,Y,Y,Y,N,N,N,4
EDDT,2223,EDDT,large_airport,Berlin-Tegel Airport,,52.5597,13.2877,122,DE,DE-BE,Berlin,N,Y,N,N,N,Y,Y,N,N,N,3
EDDM,2218,EDDM,large_airport,Munich Airport,,48.353802,11.7861,1487,DE,DE-BY,Munich,N,Y,N,N,N,Y,Y,N,N,N,3
SYCJ,6356,SYCJ,medium_airport,Cheddi Jagan International Airport,,6.498549938,-58.2541008,95,GY,GY-DE,Georgetown,N,Y,N,N,Y,N,N,N,N,N,2
MTPP,4825,MTPP,medium_airport,Toussaint Louverture International Airport,,18.57999992,-72.29250336,122,HT,HT-OU,Port-au-Prince,N,Y,N,N,Y,N,N,N,N,N,2
MHTG,4666,MHTG,medium_airport,ToncontÃ­n International Airport,,14.06089973,-87.21720123,3294,HN,HN-FM,Tegucigalpa,N,Y,N,N,N,Y,Y,N,N,N,3
EIDW,2533,EIDW,large_airport,Dublin Airport,,53.421299,-6.27007,242,IE,IE-D,Dublin,N,Y,N,N,N,Y,Y,N,N,N,3
EINN,2537,EINN,large_airport,Shannon Airport,,52.702,-8.92482,46,IE,IE-CE,Shannon,N,Y,N,N,N,Y,Y,N,N,N,3
LIRF,4372,LIRF,large_airport,Leonardo da Vinciâ€“Fiumicino Airport,,41.8002778,12.2388889,13,IT,IT-62,Rome,N,Y,N,N,N,Y,Y,N,N,N,3
LIPZ,4368,LIPZ,large_airport,Venice Marco Polo Airport,,45.505299,12.3519,7,IT,IT-34,Venice,N,Y,N,N,N,Y,Y,N,N,N,3
MKJP,4680,MKJP,large_airport,Norman Manley International Airport,,17.93569946,-76.78749847,10,JM,JM-01,Kingston,N,Y,N,N,Y,Y,N,N,N,N,3
MKJS,4681,MKJS,medium_airport,Sangster International Airport,,18.50370026,-77.91339874,4,JM,JM-08,Montego Bay,N,Y,N,Y,Y,Y,Y,N,Y,N,6
RJAA,5531,RJAA,large_airport,Narita International Airport,,35.76470184,140.3860016,141,JP,JP-12,Tokyo Narita,N,Y,N,N,N,N,Y,N,N,Y,3
TFFF,6363,TFFF,medium_airport,Martinique AimÃ© CÃ©saire International Airport,,14.5909996,-61.00320053,16,MQ,MQ-U-A,Fort-de-France,N,Y,N,N,N,N,N,N,N,N,1
MMCZ,4706,MMCZ,medium_airport,Cozumel International Airport,,20.5223999,-86.92559814,15,MX,MX-ROO,Cozumel,N,Y,N,N,N,Y,Y,N,Y,N,4
EHAM,2513,EHAM,large_airport,Amsterdam Airport Schiphol,,52.308601,4.76389,-11,NL,NL-NH,Amsterdam,N,Y,N,N,N,Y,Y,N,N,N,3
MPTO,4793,MPTO,large_airport,Tocumen International Airport,,9.071359634,-79.38349915,135,PA,PA-8,Tocumen,N,Y,N,N,N,Y,Y,N,N,N,3
SPIM,6217,SPIM,large_airport,Jorge ChÃ¡vez International Airport,,-12.0219,-77.114305,113,PE,PE-LIM,Lima,N,Y,N,N,Y,Y,Y,N,N,N,4
TKPK,6386,TKPK,medium_airport,Robert L. Bradshaw International Airport,,17.31119919,-62.71870041,170,KN,KN-U-A,Basseterre,N,Y,N,N,N,Y,Y,N,N,N,3
TLPL,6389,TLPL,medium_airport,Hewanorra International Airport,,13.7332,-60.952599,14,LC,LC-11,Vieux Fort,N,Y,N,N,Y,Y,Y,N,N,N,4
TVSA,322383,TVSA,medium_airport,Argyle International Airport,,13.156695,-61.149945,136,VC,VC-U-A,Kingstown,N,Y,N,N,N,N,N,N,N,N,1
TNCM,6406,TNCM,large_airport,Princess Juliana International Airport,,18.04100037,-63.10889816,13,SX,SX-U-A,Saint Martin,N,Y,N,N,Y,Y,Y,N,N,N,4
RKSI,5653,RKSI,large_airport,Incheon International Airport,,37.46910095,126.4509964,23,KR,KR-28,Seoul,N,Y,N,N,N,Y,Y,N,N,Y,4
LEMD,4019,LEMD,large_airport,Adolfo SuÃ¡rez Madridâ€“Barajas Airport,,40.471926,-3.56264,1998,ES,ES-M,Madrid,N,Y,N,N,N,Y,Y,N,N,N,3
TTPP,6410,TTPP,medium_airport,Piarco International Airport,,10.59539986,-61.33720016,58,TT,TT-TUP,Port of Spain,N,Y,N,N,Y,N,Y,N,N,N,3
TE17,24825,TE17,small_airport,Heathrow Airport,,31.43910027,-97.14689636,525,US,US-TX,Robinson,N,Y,N,N,N,N,N,N,N,N,1
EGCC,2398,EGCC,large_airport,Manchester Airport,,53.35369873,-2.274950027,257,GB,GB-ENG,Manchester,N,Y,N,N,N,Y,Y,N,N,N,3
EGPH,2462,EGPH,large_airport,Edinburgh Airport,,55.95000076,-3.372499943,135,GB,GB-SCT,Edinburgh,N,Y,N,N,N,Y,Y,N,N,N,3
KXNA,21410,KXNA,medium_airport,Northwest Arkansas Regional Airport,,36.281898,-94.306801,1287,US,US-AR,Fayetteville/Springdale/Rogers,N,Y,Y,Y,N,N,N,Y,N,N,4
KFAT,3524,KFAT,medium_airport,Fresno Yosemite International Airport,,36.77619934,-119.7180023,336,US,US-CA,Fresno,N,Y,Y,Y,N,N,Y,Y,N,N,5
KHDN,20038,KHDN,small_airport,Yampa Valley Airport,,40.48120117,-107.2180023,6606,US,US-CO,Hayden,N,Y,N,N,Y,Y,N,Y,Y,N,5
KMTJ,20565,KMTJ,medium_airport,Montrose Regional Airport,,38.50979996,-107.8939972,5759,US,US-CO,Montrose,N,Y,Y,N,N,Y,Y,Y,N,N,5
KEGE,3505,KEGE,medium_airport,Eagle County Regional Airport,,39.64260101,-106.9179993,6548,US,US-CO,Eagle,N,Y,N,N,N,N,Y,Y,N,N,3
KBDL,3396,KBDL,large_airport,Bradley International Airport,,41.93889999,-72.68319702,173,US,US-CT,Hartford,N,Y,N,Y,Y,Y,Y,Y,Y,N,7
KRSW,3858,KRSW,large_airport,Southwest Florida International Airport,,26.53619957,-81.75520325,30,US,US-FL,Fort Myers,N,Y,N,Y,Y,Y,Y,N,Y,N,6
KJAX,3620,KJAX,large_airport,Jacksonville International Airport,,30.49410057,-81.68789673,30,US,US-FL,Jacksonville,N,Y,Y,Y,Y,Y,Y,Y,Y,N,8
KSRQ,3899,KSRQ,large_airport,Sarasota Bradenton International Airport,,27.39539909,-82.55439758,30,US,US-FL,Sarasota/Bradenton,N,Y,Y,Y,Y,Y,Y,N,N,N,6
KPNS,3783,KPNS,medium_airport,Pensacola International Airport,,30.4734,-87.1866,121,US,US-FL,Pensacola,N,Y,N,Y,N,Y,Y,Y,Y,N,6
KCLT,3457,KCLT,large_airport,Charlotte Douglas International Airport,Hub,35.2140007,-80.94309998,748,US,US-NC,Charlotte,N,Y,N,Y,Y,Y,Y,Y,Y,N,7
KPBI,3766,KPBI,large_airport,Palm Beach International Airport,,26.68320084,-80.09559631,19,US,US-FL,West Palm Beach,N,Y,Y,Y,Y,Y,Y,N,Y,N,7
KDSM,3496,KDSM,large_airport,Des Moines International Airport,,41.5340004,-93.6631012,958,US,US-IA,Des Moines,N,Y,Y,Y,N,Y,Y,Y,Y,N,7
KBTR,3429,KBTR,medium_airport,Baton Rouge Metropolitan Airport,,30.533199,-91.149597,70,US,US-LA,Baton Rouge,N,Y,N,N,N,Y,N,Y,N,N,3
KPWM,3796,KPWM,large_airport,Portland International Jetport,,43.646198,-70.309303,76,US,US-ME,Portland,N,Y,N,Y,Y,Y,Y,Y,Y,N,7
KORH,3756,KORH,medium_airport,Worcester Regional Airport,,42.26729965,-71.8757019,1009,US,US-MA,Worcester,N,Y,N,N,Y,N,N,N,N,N,2
KMSO,3708,KMSO,medium_airport,Missoula International Airport,,46.91630173,-114.0910034,3206,US,US-MT,Missoula,N,Y,Y,Y,N,Y,Y,Y,N,N,6
KSAF,21033,KSAF,medium_airport,Santa Fe Municipal Airport,,35.61709976,-106.0889969,6348,US,US-NM,Santa Fe,N,Y,N,N,N,N,N,Y,N,N,2
KALB,3371,KALB,medium_airport,Albany International Airport,,42.74829865,-73.80169678,285,US,US-NY,Albany,N,Y,Y,Y,Y,Y,Y,Y,Y,N,8
KBUF,3431,KBUF,large_airport,Buffalo Niagara International Airport,,42.94049835,-78.73220062,728,US,US-NY,Buffalo,N,Y,N,Y,Y,Y,Y,Y,Y,N,7
KROC,3855,KROC,large_airport,Greater Rochester International Airport,,43.1189003,-77.67240143,559,US,US-NY,Rochester,N,Y,Y,N,Y,Y,Y,Y,Y,N,7
KSYR,3913,KSYR,large_airport,Syracuse Hancock International Airport,,43.11119843,-76.10630035,421,US,US-NY,Syracuse,N,Y,Y,Y,Y,Y,Y,Y,N,N,7
KGSO,3568,KGSO,large_airport,Piedmont Triad International Airport,,36.09780121,-79.93730164,925,US,US-NC,Greensboro,N,Y,Y,N,N,Y,Y,Y,N,N,5
KILM,3609,KILM,medium_airport,Wilmington International Airport,,34.27059937,-77.90260315,32,US,US-NC,Wilmington,N,Y,N,N,N,Y,Y,N,N,N,3
KBIS,3409,KBIS,medium_airport,Bismarck Municipal Airport,,46.77270126,-100.7460022,1661,US,US-ND,Bismarck,N,Y,Y,Y,N,Y,Y,Y,N,N,6
KFAR,3523,KFAR,medium_airport,Hector International Airport,,46.92070007,-96.81580353,902,US,US-ND,Fargo,N,Y,Y,Y,N,Y,N,Y,N,N,5
KCAK,3439,KCAK,medium_airport,Akron Canton Regional Airport,,40.91609955,-81.44219971,1228,US,US-OH,Akron,N,Y,N,N,N,Y,N,Y,N,N,3
KCVG,3471,KCVG,large_airport,Cincinnati Northern Kentucky International Airport,Focus,39.04880142,-84.6678009,896,US,US-KY,Cincinnati,N,Y,Y,Y,N,Y,Y,Y,Y,N,7
KCLE,3454,KCLE,large_airport,Cleveland Hopkins International Airport,Focus,41.4117012,-81.84980011,791,US,US-OH,Cleveland,N,Y,Y,Y,Y,Y,Y,Y,Y,N,8
KTOL,3925,KTOL,large_airport,Toledo Express Airport,,41.58679962,-83.80780029,683,US,US-OH,Toledo,N,Y,Y,N,N,N,N,Y,N,N,3
KTUL,3930,KTUL,large_airport,Tulsa International Airport,,36.19839859,-95.88809967,677,US,US-OK,Tulsa,N,Y,Y,Y,N,Y,Y,Y,Y,N,7
KMDT,3672,KMDT,medium_airport,Harrisburg International Airport,,40.19350052,-76.76339722,310,US,US-PA,Harrisburg,N,Y,Y,Y,N,Y,Y,Y,N,N,6
KTYS,3938,KTYS,large_airport,McGhee Tyson Airport,Focus,35.81100082,-83.9940033,981,US,US-TN,Knoxville,N,Y,Y,Y,N,Y,Y,Y,N,N,6
KMEM,3675,KMEM,large_airport,Memphis International Airport,,35.04240036,-89.97669983,341,US,US-TN,Memphis,N,Y,Y,Y,N,Y,Y,Y,Y,N,7
KHOU,3588,KHOU,large_airport,William P Hobby Airport,Hub,29.64539909,-95.27890015,46,US,US-TX,Houston Hobby,N,Y,Y,N,N,Y,N,N,Y,N,4
TISX,6370,TISX,medium_airport,Henry E Rohlsen Airport,,17.70190048,-64.79859924,74,VI,VI-U-A,Christiansted,N,Y,N,N,N,Y,N,N,N,N,2
TIST,6369,TIST,medium_airport,Cyril E. King Airport,,18.33729935,-64.9733963,23,VI,VI-U-A,"Charlotte Amalie, Harry S. Truman Airport",N,Y,N,N,Y,Y,Y,N,N,N,4
KORF,3755,KORF,large_airport,Norfolk International Airport,,36.89459991,-76.20120239,26,US,US-VA,Norfolk,N,Y,Y,Y,N,Y,Y,Y,Y,N,7
KRIC,3847,KRIC,large_airport,Richmond International Airport,,37.50519943,-77.31970215,167,US,US-VA,Richmond,N,Y,Y,N,Y,Y,Y,Y,Y,N,7
KJAC,3618,KJAC,medium_airport,Jackson Hole Airport,,43.6072998,-110.737999,6451,US,US-WY,Jackson,N,Y,N,Y,N,Y,Y,Y,N,N,5
KABE,3356,KABE,medium_airport,Lehigh Valley International Airport,,40.65209961,-75.44080353,393,US,US-PA,Allentown,N,N,Y,N,N,Y,N,Y,N,N,3
KATW,19320,KATW,small_airport,Appleton International Airport,,44.2580986,-88.51909637,918,US,US-WI,Appleton,N,N,Y,N,N,Y,N,Y,N,N,3
KAVL,3387,KAVL,large_airport,Asheville Regional Airport,Focus,35.43619919,-82.54180145,2165,US,US-NC,Asheville,N,N,Y,N,N,Y,N,Y,N,N,3
KBGR,3405,KBGR,large_airport,Bangor International Airport,,44.80739975,-68.82810211,192,US,US-ME,Bangor,N,N,Y,N,N,N,N,Y,N,N,2
KBLV,3417,KBLV,large_airport,Scott AFB/Midamerica Airport,,38.5452,-89.835197,459,US,US-IL,Belleville,N,N,Y,N,N,N,N,N,N,N,1
KBIL,3408,KBIL,large_airport,Billings Logan International Airport,,45.80770111,-108.5429993,3652,US,US-MT,Billings,N,N,Y,Y,N,Y,Y,Y,N,N,5
KBMI,3419,KBMI,large_airport,Central Illinois Regional Airport at Bloomington-Normal,,40.47710037,-88.91590118,871,US,US-IL,Bloomington/Normal,N,N,Y,Y,N,N,N,Y,N,N,3
KTRI,3928,KTRI,large_airport,Tri-Cities Regional TN/VA Airport,,36.475201,-82.407401,1519,US,US-TN,Bristol/Johnson/Kingsport,N,N,Y,N,N,Y,N,N,N,N,2
KCID,3451,KCID,large_airport,The Eastern Iowa Airport,,41.88470078,-91.71080017,869,US,US-IA,Cedar Rapids,N,N,Y,Y,N,Y,Y,Y,N,N,5
KJQF,20220,KJQF,small_airport,Concord-Padgett Regional Airport,,35.387798,-80.709099,705,US,US-NC,Concord,N,N,Y,N,N,N,N,N,N,N,1
KCHA,3448,KCHA,large_airport,Lovell Field,,35.03530121,-85.20379639,683,US,US-TN,Chattanooga,N,N,Y,N,N,Y,N,Y,N,N,3
KMDW,3673,KMDW,large_airport,Chicago Midway International Airport,Hub,41.785999,-87.752403,620,US,US-IL,Chicago Midway,N,N,Y,N,N,Y,N,Y,Y,N,4
KRFD,3845,KRFD,large_airport,Chicago Rockford International Airport,,42.19540024,-89.09719849,742,US,US-IL,Chicago/Rockford,N,N,Y,N,N,N,N,N,N,N,1
KCKB,3453,KCKB,medium_airport,North Central West Virginia Airport,,39.29660034,-80.22810364,1217,US,US-WV,Clarksburg,N,N,Y,N,N,N,N,Y,N,N,2
KLCK,3638,KLCK,large_airport,Rickenbacker International Airport,,39.813801,-82.927803,744,US,US-OH,Columbus,N,N,Y,N,N,N,N,N,N,N,1
KDAY,3481,KDAY,large_airport,James M Cox Dayton International Airport,,39.90240097,-84.2193985,1009,US,US-OH,Dayton,N,N,Y,N,N,Y,N,Y,N,N,3
KELM,3510,KELM,medium_airport,Elmira Corning Regional Airport,,42.15990067,-76.89160156,954,US,US-NY,Elmira/Corning,N,N,Y,N,N,N,N,N,N,N,1
KEUG,3517,KEUG,medium_airport,Mahlon Sweet Field,,44.12459946,-123.211998,374,US,US-OR,Eugene,N,N,Y,N,N,Y,Y,Y,N,N,4
KEVV,3518,KEVV,medium_airport,Evansville Regional Airport,,38.03699875,-87.53240204,418,US,US-IN,Evansville,N,N,Y,N,N,N,N,Y,N,N,2
KFNT,3535,KFNT,medium_airport,Bishop International Airport,,42.9654007,-83.74359894,782,US,US-MI,Flint,N,N,Y,N,Y,Y,N,Y,N,N,4
KVPS,3948,KVPS,large_airport,Destin-Ft Walton Beach Airport,Focus,30.4832,-86.525398,87,US,US-FL,Valparaiso,N,N,Y,N,N,N,N,N,N,N,1
KFWA,3547,KFWA,large_airport,Fort Wayne International Airport,,40.97850037,-85.19509888,814,US,US-IN,Fort Wayne,N,N,Y,N,N,N,N,Y,N,N,2
KGFK,3553,KGFK,medium_airport,Grand Forks International Airport,,47.949299,-97.176102,845,US,US-ND,Grand Forks,N,N,Y,N,N,N,N,Y,N,N,2
KGRI,3564,KGRI,medium_airport,Central Nebraska Regional Airport,,40.96749878,-98.30960083,1847,US,US-NE,Grand Island,N,N,Y,N,N,N,N,N,N,N,1
KGJT,3557,KGJT,medium_airport,Grand Junction Regional Airport,,39.12239838,-108.5270004,4858,US,US-CO,Grand Junction,N,N,Y,N,N,N,N,Y,N,N,2
KGRR,3566,KGRR,medium_airport,Gerald R. Ford International Airport,Focus,42.88079834,-85.52279663,794,US,US-MI,Grand Rapids,N,N,Y,Y,N,Y,Y,Y,Y,N,6
KGTF,3571,KGTF,medium_airport,Great Falls International Airport,,47.48199844,-111.3710022,3680,US,US-MT,Great Falls,N,N,Y,N,N,N,N,Y,N,N,2
KGSP,3569,KGSP,large_airport,Greenville Spartanburg International Airport,,34.89569855,-82.21890259,964,US,US-SC,Greenville,N,N,Y,Y,N,Y,N,Y,Y,N,5
KGPT,3561,KGPT,large_airport,Gulfport Biloxi International Airport,,30.40730095,-89.07009888,28,US,US-MS,Gulfport,N,N,Y,N,N,Y,N,N,N,N,2
KHGR,3577,KHGR,medium_airport,Hagerstown Regional Richard A Henson Field,,39.707901,-77.72949982,703,US,US-MD,Hagerstown,N,N,Y,N,N,N,N,N,N,N,1
KHTS,3595,KHTS,large_airport,Tri-State/Milton J. Ferguson Field,,38.36669922,-82.55799866,828,US,US-WV,Huntington,N,N,Y,N,N,N,N,N,N,N,1
KIDA,3606,KIDA,medium_airport,Idaho Falls Regional Airport,,43.514599,-112.070999,4744,US,US-ID,Idaho Falls,N,N,Y,N,N,N,N,Y,N,N,2
KGPI,3527,KGPI,medium_airport,Glacier Park International Airport,,48.3105011,-114.2559967,2977,US,US-MT,Kalispell,N,N,Y,N,N,Y,Y,N,N,N,3
KLRD,3651,KLRD,medium_airport,Laredo International Airport,,27.54380035,-99.46160126,508,US,US-TX,Laredo,N,N,Y,N,N,N,N,N,N,N,1
KLEX,3640,KLEX,large_airport,Blue Grass Airport,,38.03649902,-84.60590363,979,US,US-KY,Lexington,N,N,Y,N,N,Y,N,Y,N,N,3
KLIT,3645,KLIT,large_airport,Bill & Hillary Clinton National Airport/Adams Field,,34.72940063,-92.22429657,262,US,US-AR,Little Rock,N,N,Y,Y,N,Y,N,Y,Y,N,5
KSDF,3873,KSDF,large_airport,Louisville Muhammad Ali International Airport,,38.1744,-85.736,501,US,US-KY,Louisville,N,N,Y,Y,N,Y,N,Y,Y,N,5
KMFE,3678,KMFE,medium_airport,Mc Allen Miller International Airport,,26.17580032,-98.23860168,107,US,US-TX,Mc Allen,N,N,Y,N,N,N,Y,N,N,N,2
KMFR,3679,KMFR,medium_airport,Rogue Valley International Medford Airport,,42.37419891,-122.8730011,1335,US,US-OR,Medford,N,N,Y,N,N,N,Y,Y,N,N,3
KMOT,3702,KMOT,medium_airport,Minot International Airport,,48.25939941,-101.2799988,1716,US,US-ND,Minot,N,N,Y,N,N,N,N,Y,N,N,2
KMLI,3695,KMLI,large_airport,Quad City International Airport,,41.44850159,-90.50749969,590,US,US-IL,Moline,N,N,Y,N,N,N,N,Y,N,N,2
KMRY,3705,KMRY,medium_airport,Monterey Peninsula Airport,,36.5870018,-121.8430023,257,US,US-CA,Monterey,N,N,Y,N,N,N,N,Y,N,N,2
KMYR,3717,KMYR,medium_airport,Myrtle Beach International Airport,Focus,33.67969894,-78.92829895,25,US,US-SC,Myrtle Beach,N,N,Y,Y,N,Y,Y,N,N,N,4
KSWF,3911,KSWF,medium_airport,New York Stewart International Airport,,41.504101,-74.104797,491,US,US-NY,Newburgh,N,N,Y,N,Y,N,N,Y,N,N,3
KIAG,3603,KIAG,medium_airport,Niagara Falls International Airport,,43.1072998,-78.94619751,589,US,US-NY,Niagara Falls,N,N,Y,N,N,N,N,N,N,N,1
KOGD,3746,KOGD,medium_airport,Ogden Hinckley Airport,,41.19589996,-112.012001,4473,US,US-UT,Ogden,N,N,Y,N,N,N,N,N,N,N,1
KOGS,20727,KOGS,small_airport,Ogdensburg International Airport,,44.68190002,-75.46549988,297,US,US-NY,Ogdensburg,N,N,Y,N,N,N,N,N,N,N,1
KSFB,3876,KSFB,large_airport,Orlando Sanford International Airport,,28.77759933,-81.23750305,55,US,US-FL,Orlando,N,N,Y,N,N,N,N,N,N,N,1
KOWB,3761,KOWB,medium_airport,Owensboro Daviess County Airport,,37.74010086,-87.16680145,407,US,US-KY,Owensboro,N,N,Y,N,N,N,N,N,N,N,1
KPSC,20870,KPSC,medium_airport,Tri Cities Airport,,46.26470184,-119.1190033,410,US,US-WA,Pasco,N,N,Y,N,N,N,N,Y,N,N,2
KPIA,3773,KPIA,large_airport,General Wayne A. Downing Peoria International Airport,,40.66419983,-89.69329834,660,US,US-IL,Peoria,N,N,Y,N,N,N,N,Y,N,N,2
KIWA,3617,KIWA,medium_airport,Phoenix-Mesa-Gateway Airport,,33.30780029,-111.6549988,1382,US,US-AZ,Phoenix,N,N,Y,N,N,N,N,N,N,N,1
KPIE,3775,KPIE,medium_airport,St Petersburg Clearwater International Airport,Focus,27.91020012,-82.68740082,11,US,US-FL,St Petersburg-Clearwater,N,N,Y,N,N,N,N,N,N,N,1
KPBG,20808,KPBG,medium_airport,Plattsburgh International Airport,,44.65090179,-73.4681015,234,US,US-NY,Plattsburgh,N,N,Y,N,N,N,N,Y,N,N,2
KPSM,3791,KPSM,medium_airport,Portsmouth International at Pease Airport,,43.07789993,-70.82330322,100,US,US-NH,Portsmouth,N,N,Y,N,N,N,N,N,N,N,1
KPVD,3795,KPVD,large_airport,Theodore Francis Green State Airport,,41.732601,-71.420403,55,US,US-RI,Providence,N,N,Y,Y,Y,Y,Y,Y,Y,N,7
KPVU,20890,KPVU,medium_airport,Provo Municipal Airport,,40.21920013,-111.7229996,4497,US,US-UT,Provo,N,N,Y,N,N,N,N,N,N,N,1
KPGD,20822,KPGD,small_airport,Charlotte County Airport,Focus,26.92020035,-81.9905014,26,US,US-FL,Punta Gorda,N,N,Y,N,N,N,N,N,N,N,1
KRAP,3838,KRAP,medium_airport,Rapid City Regional Airport,,44.04529953,-103.0569992,3204,US,US-SD,Rapid City,N,N,Y,N,N,N,N,Y,N,N,2
KRDM,3843,KRDM,medium_airport,Roberts Field,,44.2541008,-121.1500015,3080,US,US-OR,Redmond,N,N,Y,N,N,N,Y,Y,N,N,3
KROA,3854,KROA,large_airport,Roanokeâ€“Blacksburg Regional Airport,,37.3255,-79.975403,1175,US,US-VA,Roanoke,N,N,Y,N,N,Y,N,Y,N,N,3
KSTC,3903,KSTC,medium_airport,St Cloud Regional Airport,,45.54660034,-94.05989838,1031,US,US-MN,St Cloud,N,N,Y,N,N,N,N,N,N,N,1
KSGU,21065,KSGU,medium_airport,St George Municipal Airport,,37.036389,-113.510306,2941,US,US-UT,St George,N,N,Y,N,N,N,N,Y,N,N,2
TJSJ,6384,TJSJ,large_airport,Luis Munoz Marin International Airport,Focus,18.43939972,-66.00180054,9,PR,PR-U-A,San Juan,N,N,Y,Y,Y,Y,Y,N,Y,N,6
KSMX,3893,KSMX,medium_airport,Santa Maria Pub/Capt G Allan Hancock Field,,34.89889908,-120.4570007,261,US,US-CA,Santa Maria,N,N,Y,N,N,N,N,N,N,N,1
KSAV,3864,KSAV,large_airport,Savannah Hilton Head International Airport,,32.12760162,-81.20210266,50,US,US-GA,Savannah,N,N,Y,Y,Y,Y,Y,Y,N,N,6
KSHV,3882,KSHV,medium_airport,Shreveport Regional Airport,,32.446602,-93.8256,258,US,US-LA,Shreveport,N,N,Y,N,N,N,N,Y,N,N,2
KFSD,3541,KFSD,medium_airport,Joe Foss Field Airport,,43.58200073,-96.74189758,1429,US,US-SD,Sioux Falls,N,N,Y,Y,N,Y,Y,Y,N,N,5
KSBN,3868,KSBN,large_airport,South Bend Regional Airport,,41.70869827,-86.31729889,799,US,US-IN,South Bend,N,N,Y,N,N,N,N,Y,N,N,2
KSPI,3897,KSPI,large_airport,Abraham Lincoln Capital Airport,,39.84410095,-89.67790222,598,US,US-IL,Springfield,N,N,Y,N,N,N,N,Y,N,N,2
KSGF,3879,KSGF,large_airport,Springfield Branson National Airport,,37.24570084,-93.38860321,1268,US,US-MO,Springfield,N,N,Y,N,N,Y,N,Y,N,N,3
KUNV,21300,KUNV,medium_airport,University Park Airport,,40.84930038,-77.84870148,1239,US,US-PA,State College,N,N,Y,N,N,N,N,Y,N,N,2
KSCK,3872,KSCK,medium_airport,Stockton Metropolitan Airport,,37.89419937,-121.237999,33,US,US-CA,Stockton,N,N,Y,N,N,N,N,N,N,N,1
KTVC,3933,KTVC,medium_airport,Cherry Capital Airport,,44.74140167,-85.5821991,624,US,US-MI,Traverse City,N,N,Y,N,N,Y,Y,Y,N,N,4
MSLP,4820,MSLP,large_airport,MonseÃ±or Ã“scar Arnulfo Romero International Airport,,13.4409,-89.055702,101,SV,SV-PA,San Salvador (San Luis Talpa),N,N,N,Y,N,Y,Y,N,N,N,3
MGGT,4644,MGGT,large_airport,La Aurora Airport,,14.5833,-90.527496,4952,GT,GT-GU,Guatemala City,N,N,N,Y,Y,Y,Y,N,N,N,4
KBTV,3430,KBTV,medium_airport,Burlington International Airport,,44.47190094,-73.15329742,335,US,US-VT,Burlington,N,N,N,Y,Y,Y,Y,N,N,N,4
KCOS,3463,KCOS,large_airport,City of Colorado Springs Municipal Airport,,38.805801,-104.700996,6187,US,US-CO,Colorado Springs,N,N,N,Y,N,Y,Y,Y,N,N,4
KGRB,3562,KGRB,large_airport,Austin Straubel International Airport,,44.48509979,-88.12960052,695,US,US-WI,Green Bay,N,N,N,Y,N,Y,N,Y,N,N,3
KHRL,3591,KHRL,medium_airport,Valley International Airport,,26.22850037,-97.65440369,36,US,US-TX,Harlingen,N,N,N,Y,N,Y,N,N,Y,N,3
KHSV,3594,KHSV,large_airport,Huntsville International Carl T Jones Field,,34.6371994,-86.77510071,629,US,US-AL,Huntsville,N,N,N,Y,N,Y,N,Y,N,N,3
KJAN,3619,KJAN,large_airport,Jackson-Medgar Wiley Evers International Airport,,32.31119919,-90.07589722,346,US,US-MS,Jackson,N,N,N,Y,N,Y,N,N,N,N,2
KISP,3616,KISP,medium_airport,Long Island Mac Arthur Airport,,40.79520035,-73.10019684,99,US,US-NY,Islip,N,N,N,Y,N,N,N,N,Y,N,2
KMSN,3707,KMSN,large_airport,Dane County Regional Truax Field,,43.13990021,-89.33750153,887,US,US-WI,Madison,N,N,N,Y,N,N,Y,Y,N,N,3
KMIA,3685,KMIA,large_airport,Miami International Airport,Hub,25.79319954,-80.29060364,8,US,US-FL,Miami,N,N,N,Y,N,Y,Y,N,N,N,3
KBFM,3403,KBFM,medium_airport,Mobile Downtown Airport,,30.62680054,-88.06809998,26,US,US-AL,Mobile,N,N,N,Y,N,N,N,N,N,N,1
KLGA,3643,KLGA,large_airport,La Guardia Airport,Hub,40.77719879,-73.87259674,21,US,US-NY,New York LGA,N,N,N,Y,Y,Y,Y,Y,Y,N,6
KTTN,3929,KTTN,medium_airport,Trenton Mercer Airport,Focus,40.27669907,-74.81349945,213,US,US-NJ,Trenton,N,N,N,Y,N,N,N,N,N,N,1
KTYR,3937,KTYR,medium_airport,Tyler Pounds Regional Airport,,32.35409927,-95.40239716,544,US,US-TX,Tyler,N,N,N,Y,N,N,N,N,N,N,1
KILG,3608,KILG,medium_airport,New Castle Airport,,39.67869949,-75.60649872,80,US,US-DE,Wilmington,N,N,N,Y,N,N,N,N,N,N,1
NSTU,4978,NSTU,medium_airport,Pago Pago International Airport,,-14.33100033,-170.7100067,32,AS,AS-U-A,Pago Pago,N,N,N,N,N,N,N,N,N,Y,1
YBBN,26901,YBBN,large_airport,Brisbane International Airport,,-27.38419914,153.1170044,13,AU,AU-QLD,Brisbane,N,N,N,N,N,N,N,N,N,Y,1
YSSY,27145,YSSY,large_airport,Sydney Kingsford Smith International Airport,,-33.94609833,151.177002,21,AU,AU-NSW,Sydney,N,N,N,N,N,Y,Y,N,N,Y,3
NTAA,4979,NTAA,large_airport,Faa'a International Airport,,-17.553699,-149.606995,5,PF,PF-U-A,Papeete,N,N,N,N,N,N,Y,N,N,Y,2
RJFF,5564,RJFF,large_airport,Fukuoka Airport,,33.58589935,130.451004,32,JP,JP-40,Fukuoka,N,N,N,N,N,N,Y,N,N,Y,2
RJBB,5536,RJBB,large_airport,Kansai International Airport,,34.4272995,135.2440033,26,JP,JP-27,Osaka,N,N,N,N,N,Y,Y,N,N,Y,3
RJCC,5544,RJCC,large_airport,New Chitose Airport,,42.77519989,141.6920013,82,JP,JP-01,Chitose / Tomakomai,N,N,N,N,N,N,N,N,N,Y,1
RJTT,5627,RJTT,large_airport,Tokyo Haneda International Airport,,35.552299,139.779999,35,JP,JP-13,Tokyo Haneda,N,N,N,N,N,Y,Y,N,N,Y,3
NZAA,5023,NZAA,large_airport,Auckland International Airport,,-37.0080986,174.7920074,23,NZ,NZ-AUK,Auckland,N,N,N,N,N,N,Y,N,N,Y,2
PHTO,5457,PHTO,medium_airport,Hilo International Airport,,19.72139931,-155.0480042,38,US,US-HI,Hilo,N,N,N,N,N,N,Y,N,Y,Y,3
PHMK,5450,PHMK,medium_airport,Molokai Airport,,21.1529007,-157.095993,454,US,US-HI,Kaunakakai,N,N,N,N,N,N,N,N,N,Y,1
PHJH,5446,PHJH,medium_airport,Kapalua Airport,,20.96290016,-156.6730042,256,US,US-HI,Lahaina,N,N,N,N,N,N,N,N,N,Y,1
PHNY,5454,PHNY,medium_airport,Lanai Airport,,20.78560066,-156.951004,1308,US,US-HI,Lanai City,N,N,N,N,N,N,N,N,N,Y,1
KLGB,3644,KLGB,medium_airport,Long Beach /Daugherty Field/ Airport,Focus,33.81769943,-118.1520004,60,US,US-CA,Long Beach,N,N,N,N,Y,Y,N,Y,Y,Y,5
TXKF,6416,TXKF,medium_airport,L.F. Wade International International Airport,,32.36399841,-64.67870331,12,BM,BM-U-A,Hamilton,N,N,N,N,Y,Y,Y,N,N,N,3
SKRG,6158,SKRG,medium_airport,Jose Maria CÃ³rdova International Airport,,6.16454,-75.4231,6955,CO,CO-ANT,Medellin,N,N,N,N,Y,N,N,N,N,N,1
TJBQ,6379,TJBQ,medium_airport,Rafael Hernandez Airport,,18.49489975,-67.12940216,237,PR,PR-U-A,Aguadilla,N,N,N,N,Y,N,Y,N,N,N,2
TNCC,6404,TNCC,medium_airport,Hato International Airport,,12.1889,-68.959801,29,CW,CW-U-A,Willemstad,N,N,N,N,Y,N,Y,N,N,N,2
MDPP,4637,MDPP,medium_airport,Gregorio Luperon International Airport,,19.75790024,-70.56999969,15,DO,DO-18,Puerto Plata,N,N,N,N,Y,N,Y,N,N,N,2
TFFR,6366,TFFR,large_airport,Pointe-Ã -Pitre Le Raizet,,16.265301,-61.531799,36,GP,GP-U-A,Pointe-a-Pitre,N,N,N,N,Y,N,N,N,N,N,1
TJPS,6383,TJPS,medium_airport,Mercedita Airport,,18.00830078,-66.56300354,29,PR,PR-U-A,Ponce,N,N,N,N,Y,N,N,N,N,N,1
MBPV,4628,MBPV,medium_airport,Providenciales Airport,,21.77359962,-72.26589966,15,TC,TC-PR,Providenciales Island,N,N,N,N,Y,Y,Y,N,Y,N,4
KHYA,3600,KHYA,medium_airport,Barnstable Municipal Boardman Polando Field,,41.66930008,-70.28040314,54,US,US-MA,Hyannis,N,N,N,N,Y,N,N,N,N,N,1
KMVY,20578,KMVY,small_airport,Martha's Vineyard Airport,,41.39310074,-70.61430359,67,US,US-MA,Martha's Vineyard,N,N,N,N,Y,N,N,N,N,N,1
KACK,3360,KACK,medium_airport,Nantucket Memorial Airport,,41.25310135,-70.06020355,47,US,US-MA,Nantucket,N,N,N,N,Y,N,N,N,N,N,1
KHPN,3589,KHPN,medium_airport,Westchester County Airport,,41.06700134,-73.70760345,439,US,US-NY,White Plains,N,N,N,N,Y,Y,N,Y,N,N,3
LGAV,4251,LGAV,large_airport,Eleftherios Venizelos International Airport,,37.93640137,23.94449997,308,GR,GR-A1,Athens,N,N,N,N,N,Y,Y,N,N,N,2
KAGS,3368,KAGS,large_airport,Augusta Regional At Bush Field,,33.36989975,-81.96450043,144,US,US-GA,Augusta,N,N,N,N,N,Y,N,Y,N,N,2
MNMG,4774,MNMG,medium_airport,Augusto C. Sandino (Managua) International Airport,,12.14150047,-86.16819763,194,NI,NI-MN,Managua,N,N,N,N,N,Y,Y,N,N,N,2
LEBL,4004,LEBL,large_airport,Barcelona International Airport,,41.2971,2.07846,12,ES,ES-CT,Barcelona,N,N,N,N,N,Y,Y,N,N,N,2
ZBAD,330820,ZBAD,large_airport,Beijing Daxing International Airport,,39.509945,116.41092,98,CN,CN-13,Beijing,N,N,N,N,N,Y,N,N,N,N,1
LLBG,4411,LLBG,large_airport,Ben Gurion International Airport,,32.01139832,34.88669968,135,IL,IL-M,Tel Aviv,N,N,N,N,N,Y,Y,N,N,N,2
KBHM,3406,KBHM,large_airport,Birmingham-Shuttlesworth International Airport,,33.56290054,-86.75350189,650,US,US-AL,Birmingham,N,N,N,N,N,Y,N,Y,Y,N,3
GOBD,325736,GOBD,large_airport,Blaise Diagne International Airport,,14.67,-17.073333,290,SN,SN-DK,Dakar,N,N,N,N,N,Y,N,N,N,N,1
EBBR,2155,EBBR,large_airport,Brussels Airport,,50.90140152,4.48443985,184,BE,BE-BRU,Brussels,N,N,N,N,N,Y,Y,N,N,N,2
LFPG,4185,LFPG,large_airport,Charles de Gaulle International Airport,,49.012798,2.55,392,FR,FR-IDF,Paris,N,N,N,N,N,Y,Y,N,N,N,2
KCHO,3449,KCHO,medium_airport,Charlottesville Albemarle Airport,,38.1385994,-78.45290375,639,US,US-VA,Charlottesville,N,N,N,N,N,Y,N,N,N,N,1
VABB,26434,VABB,large_airport,Chhatrapati Shivaji International Airport,,19.08869934,72.86789703,39,IN,IN-MM,Mumbai,N,N,N,N,N,Y,Y,N,N,N,2
RJGG,5576,RJGG,large_airport,Chubu Centrair International Airport,,34.85839844,136.8049927,15,JP,JP-23,Tokoname,N,N,N,N,N,Y,Y,N,N,N,2
KCAE,3438,KCAE,large_airport,Columbia Metropolitan Airport,,33.93880081,-81.11949921,236,US,US-SC,Columbia,N,N,N,N,N,Y,N,Y,N,N,2
SCEL,6015,SCEL,large_airport,Comodoro Arturo Merino BenÃ­tez International Airport,,-33.39300156,-70.78579712,1555,CL,CL-RM,Santiago,N,N,N,N,N,Y,Y,N,N,N,2
EKCH,2542,EKCH,large_airport,Copenhagen Kastrup Airport,,55.61790085,12.65600014,17,DK,DK-84,Copenhagen,N,N,N,N,N,Y,N,N,N,N,1
KMQI,20554,KMQI,small_airport,Dare County Regional Airport,,35.91899872,-75.69550323,13,US,US-NC,Manteo,N,N,N,N,N,Y,N,N,N,N,1
KDAB,3478,KDAB,large_airport,Daytona Beach International Airport,,29.179899,-81.058098,34,US,US-FL,Daytona Beach,N,N,N,N,N,Y,N,N,N,N,1
EDDL,2217,EDDL,large_airport,DÃ¼sseldorf Airport,,51.289501,6.76678,147,DE,DE-NW,Dusseldorf,N,N,N,N,N,Y,N,N,N,N,1
CYEG,1717,CYEG,large_airport,Edmonton International Airport,,53.30970001,-113.5800018,2373,CA,CA-AB,Edmonton,N,N,N,N,N,Y,Y,Y,N,N,3
MYEF,4939,MYEF,medium_airport,Exuma International Airport,,23.56259918,-75.87799835,9,BS,BS-EX,George Town,N,N,N,N,N,Y,N,N,N,N,1
KFAY,3525,KFAY,medium_airport,Fayetteville Regional Grannis Field,,34.99119949,-78.88030243,189,US,US-NC,Fayetteville,N,N,N,N,N,Y,N,N,N,N,1
LL40,21594,LL40,closed,Frankfort Airport,,41.477501,-87.8405,778,US,US-IL,Frankfort,N,N,N,N,N,Y,N,N,N,N,1
KGNV,3559,KGNV,medium_airport,Gainesville Regional Airport,,29.69009972,-82.27179718,152,US,US-FL,Gainesville,N,N,N,N,N,Y,N,Y,N,N,2
EGKK,2429,EGKK,large_airport,London Gatwick Airport,,51.148102,-0.190278,202,GB,GB-ENG,London Gatwick,N,N,N,N,N,Y,N,N,N,N,1
MMMY,4732,MMMY,large_airport,General Mariano Escobedo International Airport,,25.7784996,-100.1070023,1278,MX,MX-NLE,Monterrey,N,N,N,N,N,Y,N,Y,N,N,2
EGPF,2461,EGPF,large_airport,Glasgow International Airport,,55.871899,-4.43306,26,GB,GB-SCT,Glasgow,N,N,N,N,N,Y,Y,N,N,N,2
EDDH,2214,EDDH,large_airport,Hamburg Airport,,53.63040161,9.988229752,53,DE,DE-HH,Hamburg,N,N,N,N,N,Y,N,N,N,N,1
EGLL,2434,EGLL,large_airport,London Heathrow Airport,,51.4706,-0.461941,83,GB,GB-ENG,London Heathrow,N,N,N,N,N,Y,Y,N,N,N,2
MHRO,4663,MHRO,medium_airport,Juan Manuel Galvez International Airport,,16.316799,-86.523003,39,HN,HN-IB,Roatan Island,N,N,N,N,N,Y,Y,N,N,N,2
BIKF,123,BIKF,large_airport,Keflavik International Airport,,63.985001,-22.6056,171,IS,IS-2,Reykjavik,N,N,N,N,N,Y,Y,N,N,N,2
KEYW,3522,KEYW,medium_airport,Key West International Airport,,24.55610085,-81.75959778,3,US,US-FL,Key West,N,N,N,N,N,Y,N,N,N,N,1
DGAA,2090,DGAA,large_airport,Kotoka International Airport,,5.6051898,-0.1667860001,205,GH,GH-AA,Accra,N,N,N,N,N,Y,N,N,N,N,1
LPPT,4461,LPPT,large_airport,Humberto Delgado Airport (Lisbon Portela Airport),,38.7813,-9.13592,374,PT,PT-11,Lisbon,N,N,N,N,N,Y,Y,N,N,N,2
KMHT,3684,KMHT,large_airport,Manchester-Boston Regional Airport,,42.932598,-71.435699,266,US,US-NH,Manchester,N,N,N,N,N,Y,N,Y,Y,N,3
TGPY,6367,TGPY,medium_airport,Point Salines International Airport,,12.00419998,-61.78620148,41,GD,GD-GE,Saint George's,N,N,N,N,N,Y,N,N,N,N,1
KMLB,3693,KMLB,medium_airport,Melbourne International Airport,,28.10280037,-80.64530182,33,US,US-FL,Melbourne,N,N,N,N,N,Y,N,N,N,N,1
MMMX,4731,MMMX,large_airport,Licenciado Benito Juarez International Airport,,19.4363,-99.072098,7316,MX,MX-DIF,Mexico City,N,N,N,N,N,Y,Y,N,N,N,2
LIMC,4340,LIMC,large_airport,Malpensa International Airport,,45.6306,8.72811,768,IT,IT-25,Milan,N,N,N,N,N,Y,Y,N,N,N,2
KMOB,3700,KMOB,large_airport,Mobile Regional Airport,,30.69120026,-88.24279785,219,US,US-AL,Mobile,N,N,N,N,N,Y,N,Y,N,N,2
CYUL,1928,CYUL,large_airport,Montreal / Pierre Elliott Trudeau International Airport,,45.47060013,-73.74079895,118,CA,CA-QC,Montreal,N,N,N,N,N,Y,N,Y,N,N,2
DNMM,2118,DNMM,large_airport,Murtala Muhammed International Airport,,6.577370167,3.321160078,135,NG,NG-LA,Lagos,N,N,N,N,N,Y,N,N,N,N,1
KPHF,3770,KPHF,large_airport,Newport News Williamsburg International Airport,,37.13190079,-76.49299622,42,US,US-VA,Newport News,N,N,N,N,N,Y,N,N,N,N,1
LFMN,4156,LFMN,large_airport,Nice-CÃ´te d'Azur Airport,,43.65840149,7.215869904,12,FR,FR-PAC,Nice,N,N,N,N,N,Y,Y,N,N,N,2
RPLL,5689,RPLL,large_airport,Ninoy Aquino International Airport,,14.5086,121.019997,75,PH,PH-U-A,Manila,N,N,N,N,N,Y,Y,N,N,N,2
KECP,46530,KECP,medium_airport,Northwest Florida Beaches International Airport,,30.357106,-85.795414,69,US,US-FL,Panama City Beach,N,N,N,N,N,Y,N,N,Y,N,2
KSGJ,21061,KSGJ,medium_airport,Northeast Florida Regional Airport,,29.9592,-81.339798,10,US,US-FL,St Augustine,N,N,N,N,N,Y,N,N,N,N,1
FAOR,31055,FAOR,large_airport,OR Tambo International Airport,,-26.1392,28.246,5558,ZA,ZA-GT,Johannesburg,N,N,N,N,N,Y,N,N,N,N,1
SKCG,6109,SKCG,medium_airport,Rafael NuÃ±ez International Airport,,10.4424,-75.513,4,CO,CO-BOL,Cartagena,N,N,N,N,N,Y,N,N,N,N,1
MHLM,4661,MHLM,medium_airport,RamÃ³n Villeda Morales International Airport,,15.4526,-87.923599,91,HN,HN-CR,San Pedro Sula,N,N,N,N,N,Y,Y,N,N,N,2
SBGL,5906,SBGL,large_airport,Rio GaleÃ£o â€“ Tom Jobim International Airport,,-22.80999947,-43.25055695,28,BR,BR-RJ,Rio De Janeiro,N,N,N,N,N,Y,Y,N,N,N,2
PTRO,5501,PTRO,medium_airport,Babelthuap Airport,,7.36731,134.544236,176,PW,PW-004,Babelthuap Island,N,N,N,N,N,Y,Y,N,N,N,2
SBGR,5910,SBGR,large_airport,Guarulhos - Governador AndrÃ© Franco Montoro International Airport,,-23.43555641,-46.47305679,2459,BR,BR-SP,Sao Paulo,N,N,N,N,N,Y,Y,N,N,N,2
CYXE,1957,CYXE,medium_airport,Saskatoon John G. Diefenbaker International Airport,,52.17079926,-106.6999969,1653,CA,CA-SK,Saskatoon,N,N,N,N,N,Y,N,Y,N,N,2
ZSPD,27223,ZSPD,large_airport,Shanghai Pudong International Airport,,31.14340019,121.8050003,13,CN,CN-31,Shanghai,N,N,N,N,N,Y,Y,N,N,N,2
EDDS,2222,EDDS,large_airport,Stuttgart Airport,,48.68989944,9.221960068,1276,DE,DE-BW,Stuttgart,N,N,N,N,N,Y,N,N,N,N,1
KTLH,3924,KTLH,large_airport,Tallahassee Regional Airport,,30.39649963,-84.35030365,81,US,US-FL,Tallahassee,N,N,N,N,N,Y,N,N,N,N,1
CYYZ,1990,CYYZ,large_airport,Lester B. Pearson International Airport,,43.67720032,-79.63059998,569,CA,CA-ON,Toronto,N,N,N,N,N,Y,Y,Y,N,N,3
KAVP,3388,KAVP,medium_airport,Wilkes Barre Scranton International Airport,,41.33850098,-75.7233963,962,US,US-PA,Wilkes-Barre/Scranton,N,N,N,N,N,Y,N,Y,N,N,2
CYWG,1946,CYWG,large_airport,Winnipeg / James Armstrong Richardson International Airport,,49.90999985,-97.23989868,783,CA,CA-MB,Winnipeg,N,N,N,N,N,Y,N,Y,N,N,2
KCRW,3467,KCRW,large_airport,Yeager Airport,,38.37310028,-81.59320068,981,US,US-WV,Charleston,N,N,N,N,N,Y,N,Y,N,N,2
LSZH,4505,LSZH,large_airport,ZÃ¼rich Airport,,47.464699,8.54917,1416,CH,CH-ZH,Zurich,N,N,N,N,N,Y,Y,N,N,N,2
PGUM,5433,PGUM,large_airport,Antonio B. Won Pat International Airport,Hub,13.48340034,144.7960052,298,GU,GU-U-A,Guam,N,N,N,N,N,N,Y,N,N,N,1
ZBAA,27188,ZBAA,large_airport,Beijing Capital International Airport,,40.08010101,116.5849991,116,CN,CN-11,Beijing,N,N,N,N,N,N,Y,N,N,N,1
PKWA,5490,PKWA,medium_airport,Bucholz Army Air Field,,8.72012043,167.7319946,9,MH,MH-KWA,Kwajalein,N,N,N,N,N,N,Y,N,N,N,1
FACT,2775,FACT,large_airport,Cape Town International Airport,,-33.96480179,18.60169983,151,ZA,ZA-WC,Cape Town,N,N,N,N,N,N,Y,N,N,N,1
ZUUU,27230,ZUUU,large_airport,Chengdu Shuangliu International Airport,,30.57850075,103.9469986,1625,CN,CN-51,Chengdu,N,N,N,N,N,N,Y,N,N,N,1
PTKK,5499,PTKK,medium_airport,Chuuk International Airport,,7.461870193,151.8430023,11,FM,FM-TRK,Weno Island,N,N,N,N,N,N,Y,N,N,N,1
MMLO,4722,MMLO,medium_airport,Del BajÃ­o International Airport,,20.9935,-101.481003,5956,MX,MX-GUA,Silao,N,N,N,N,N,N,Y,Y,N,N,2
LICJ,4321,LICJ,large_airport,Falconeâ€“Borsellino Airport,,38.175999,13.091,65,IT,IT-82,Palermo,N,N,N,N,N,N,Y,N,N,N,1
LPPR,4459,LPPR,large_airport,Francisco de SÃ¡ Carneiro Airport,,41.24810028,-8.681389809,228,PT,PT-13,Porto,N,N,N,N,N,N,Y,N,N,N,1
EDDF,2212,EDDF,large_airport,Frankfurt am Main Airport,,50.033333,8.570556,364,DE,DE-HE,Frankfurt am Main,N,N,N,N,N,N,Y,N,N,N,1
LSGG,4490,LSGG,large_airport,Geneva Cointrin International Airport,,46.23809814,6.108950138,1411,CH,CH-GE,Geneva,N,N,N,N,N,N,Y,N,N,N,1
VHHH,26535,VHHH,large_airport,Hong Kong International Airport,,22.308901,113.915001,28,HK,HK-U-A,Hong Kong,N,N,N,N,N,N,Y,N,N,N,1
VIDP,26555,VIDP,large_airport,Indira Gandhi International Airport,,28.5665,77.103104,777,IN,IN-DL,New Delhi,N,N,N,N,N,N,Y,N,N,N,1
PTSA,5502,PTSA,medium_airport,Kosrae International Airport,,5.35698,162.957993,11,FM,FM-KSA,Okat,N,N,N,N,N,N,Y,N,N,N,1
MMMD,4726,MMMD,medium_airport,Licenciado Manuel Crescencio Rejon Int Airport,,20.93700027,-89.65769959,38,MX,MX-YUC,Merida,N,N,N,N,N,N,Y,N,N,N,1
PKMJ,5488,PKMJ,medium_airport,Marshall Islands International Airport,,7.064760208,171.2720032,6,MH,MH-MAJ,Majuro Atoll,N,N,N,N,N,N,Y,N,N,N,1
CNM2,1321,CNM2,small_airport,Melbourne Airport,,42.82419968,-81.54859924,735,CA,CA-ON,Melbourne,N,N,N,N,N,N,Y,N,N,N,1
KMAF,3663,KMAF,medium_airport,Midland International Airport,,31.94249916,-102.2020035,2871,US,US-TX,Midland,N,N,N,N,N,N,Y,Y,Y,N,3
LIRN,4378,LIRN,large_airport,Naples International Airport,,40.886002,14.2908,294,IT,IT-72,Napoli,N,N,N,N,N,N,Y,N,N,N,1
PTPN,5500,PTPN,medium_airport,Pohnpei International Airport,,6.985099792,158.2089996,10,FM,FM-PNI,Pohnpei Island,N,N,N,N,N,N,Y,N,N,N,1
KRST,3857,KRST,large_airport,Rochester International Airport,,43.90829849,-92.5,1317,US,US-MN,Rochester,N,N,N,N,N,N,Y,Y,N,N,2
WSSS,26887,WSSS,large_airport,Singapore Changi Airport,,1.35019,103.994003,22,SG,SG-04,Singapore,N,N,N,N,N,N,Y,N,N,N,1
ESSA,2701,ESSA,large_airport,Stockholm-Arlanda Airport,,59.65190125,17.91860008,137,SE,SE-AB,Stockholm,N,N,N,N,N,N,Y,N,N,N,1
RCTP,5528,RCTP,large_airport,Taiwan Taoyuan International Airport,,25.0777,121.233002,106,TW,TW-TAO,Taipei,N,N,N,N,N,N,Y,N,N,N,1
PTYA,5503,PTYA,medium_airport,Yap International Airport,,9.49891,138.082993,91,FM,FM-YAP,Yap Island,N,N,N,N,N,N,Y,N,N,N,1
KABR,3358,KABR,medium_airport,Aberdeen Regional Airport,,45.44910049,-98.42179871,1302,US,US-SD,Aberdeen,N,N,N,N,N,N,N,Y,N,N,1
KABY,3359,KABY,medium_airport,Southwest Georgia Regional Airport,,31.53549957,-84.19450378,197,US,US-GA,Albany,N,N,N,N,N,N,N,Y,N,N,1
KACV,3362,KACV,medium_airport,California Redwood Coast-Humboldt County Airport,,40.978101,-124.109,221,US,US-CA,Arcata/Eureka,N,N,N,N,N,N,N,Y,N,N,1
KAEX,3365,KAEX,medium_airport,Alexandria International Airport,,31.32740021,-92.54979706,89,US,US-LA,Alexandria,N,N,N,N,N,N,N,Y,N,N,1
KAPN,3382,KAPN,medium_airport,Alpena County Regional Airport,,45.0780983,-83.56030273,690,US,US-MI,Alpena,N,N,N,N,N,N,N,Y,N,N,1
KASE,19308,KASE,medium_airport,Aspen-Pitkin Co/Sardy Field,,39.22320175,-106.8690033,7820,US,US-CO,Aspen,N,N,N,N,N,N,N,Y,N,N,1
KAZO,3390,KAZO,medium_airport,Kalamazoo Battle Creek International Airport,,42.23490143,-85.55210114,874,US,US-MI,Kalamazoo,N,N,N,N,N,N,N,Y,N,N,1
KBFF,3400,KBFF,medium_airport,Western Neb. Rgnl/William B. Heilig Airport,,41.87400055,-103.5960007,3967,US,US-NE,Scottsbluff,N,N,N,N,N,N,N,Y,N,N,1
KBFL,3402,KBFL,medium_airport,Meadows Field,,35.43360138,-119.0569992,510,US,US-CA,Bakersfield,N,N,N,N,N,N,N,Y,N,N,1
KBJI,19380,KBJI,medium_airport,Bemidji Regional Airport,,47.50939941,-94.93370056,1391,US,US-MN,Bemidji,N,N,N,N,N,N,N,Y,N,N,1
KBRD,19406,KBRD,medium_airport,Brainerd Lakes Regional Airport,,46.39830017,-94.13809967,1232,US,US-MN,Brainerd,N,N,N,N,N,N,N,Y,N,N,1
KBRO,3426,KBRO,medium_airport,Brownsville South Padre Island International Airport,,25.90679932,-97.42590332,22,US,US-TX,Brownsville,N,N,N,N,N,N,N,Y,N,N,1
KBTM,3428,KBTM,medium_airport,Bert Mooney Airport,,45.95479965,-112.4970016,5550,US,US-MT,Butte,N,N,N,N,N,N,N,Y,N,N,1
KCDC,3442,KCDC,medium_airport,Cedar City Regional Airport,,37.70100021,-113.098999,5622,US,US-UT,Cedar City,N,N,N,N,N,N,N,Y,N,N,1
KCGI,3447,KCGI,medium_airport,Cape Girardeau Regional Airport,,37.22529984,-89.57080078,342,US,US-MO,Cape Girardeau,N,N,N,N,N,N,N,Y,N,N,1
KCIU,3452,KCIU,medium_airport,Chippewa County International Airport,,46.25080109,-84.47239685,800,US,US-MI,Sault Ste Marie,N,N,N,N,N,N,N,Y,N,N,1
KCLL,3455,KCLL,medium_airport,Easterwood Field,,30.58860016,-96.36380005,320,US,US-TX,College Station,N,N,N,N,N,N,N,Y,N,N,1
KCMX,3460,KCMX,medium_airport,Houghton County Memorial Airport,,47.16839981,-88.4890976,1095,US,US-MI,Hancock,N,N,N,N,N,N,N,Y,N,N,1
KCNY,19529,KCNY,small_airport,Canyonlands Field,,38.75500107,-109.7549973,4557,US,US-UT,Moab,N,N,N,N,N,N,N,Y,N,N,1
KCOD,19530,KCOD,medium_airport,Yellowstone Regional Airport,,44.52019882,-109.0240021,5102,US,US-WY,Cody,N,N,N,N,N,N,N,Y,N,N,1
KCOU,3464,KCOU,medium_airport,Columbia Regional Airport,,38.8181,-92.219597,889,US,US-MO,Columbia,N,N,N,N,N,N,N,Y,N,N,1
KCPR,3465,KCPR,medium_airport,Casper-Natrona County International Airport,,42.908001,-106.463997,5350,US,US-WY,Casper,N,N,N,N,N,N,N,Y,N,N,1
KCSG,3468,KCSG,medium_airport,Columbus Metropolitan Airport,,32.5163002,-84.93890381,397,US,US-GA,Columbus,N,N,N,N,N,N,N,Y,N,N,1
KCWA,19571,KCWA,medium_airport,Central Wisconsin Airport,,44.77759933,-89.66680145,1277,US,US-WI,Mosinee,N,N,N,N,N,N,N,Y,N,N,1
KDHN,3489,KDHN,medium_airport,Dothan Regional Airport,,31.32130051,-85.44960022,401,US,US-AL,Dothan,N,N,N,N,N,N,N,Y,N,N,1
KDLH,3491,KDLH,large_airport,Duluth International Airport,,46.84209824,-92.19360352,1428,US,US-MN,Duluth,N,N,N,N,N,N,N,Y,N,N,1
KDRO,19654,KDRO,small_airport,Durango La Plata County Airport,,37.1515007,-107.7539978,6685,US,US-CO,Durango,N,N,N,N,N,N,N,Y,N,N,1
KDVL,19668,KDVL,small_airport,Devils Lake Regional Airport,,48.11420059,-98.90879822,1456,US,US-ND,Devils Lake,N,N,N,N,N,N,N,Y,N,N,1
KEAU,3501,KEAU,medium_airport,Chippewa Valley Regional Airport,,44.86579895,-91.48429871,913,US,US-WI,Eau Claire,N,N,N,N,N,N,N,Y,N,N,1
KEKO,3508,KEKO,medium_airport,Elko Regional Airport,,40.82490158,-115.7919998,5140,US,US-NV,Elko,N,N,N,N,N,N,N,Y,N,N,1
KESC,19770,KESC,small_airport,Delta County Airport,,45.72269821,-87.09369659,609,US,US-MI,Escanaba,N,N,N,N,N,N,N,Y,N,N,1
KEWN,3520,KEWN,medium_airport,Coastal Carolina Regional Airport,,35.07300186,-77.04290009,18,US,US-NC,New Bern,N,N,N,N,N,N,N,Y,N,N,1
KFLG,3530,KFLG,medium_airport,Flagstaff Pulliam Airport,,35.13850021,-111.6709976,7014,US,US-AZ,Flagstaff,N,N,N,N,N,N,N,Y,N,N,1
KFSM,3543,KFSM,large_airport,Fort Smith Regional Airport,,35.33660126,-94.36740112,469,US,US-AR,Fort Smith,N,N,N,N,N,N,N,Y,N,N,1
KGCC,19929,KGCC,medium_airport,Gillette Campbell County Airport,,44.34889984,-105.5390015,4365,US,US-WY,Gillette,N,N,N,N,N,N,N,Y,N,N,1
KGRK,3565,KGRK,medium_airport,Robert Gray Army Air Field Airport,,31.06719971,-97.8289032,1015,US,US-TX,Fort Hood/Killeen,N,N,N,N,N,N,N,Y,N,N,1
KHIB,3579,KHIB,large_airport,Range Regional Airport,,47.38660049,-92.83899689,1354,US,US-MN,Hibbing,N,N,N,N,N,N,N,Y,N,N,1
KHLN,3582,KHLN,medium_airport,Helena Regional Airport,,46.60680008,-111.9830017,3877,US,US-MT,Helena,N,N,N,N,N,N,N,Y,N,N,1
KHYS,20109,KHYS,medium_airport,Hays Regional Airport,,38.84220123,-99.27320099,1999,US,US-KS,Hays,N,N,N,N,N,N,N,Y,N,N,1
KIMT,20177,KIMT,small_airport,Ford Airport,,45.81840134,-88.11450195,1182,US,US-MI,Iron Mountain / Kingsford,N,N,N,N,N,N,N,Y,N,N,1
KINL,3612,KINL,medium_airport,Falls International Airport,,48.56620026,-93.40309906,1185,US,US-MN,International Falls,N,N,N,N,N,N,N,Y,N,N,1
KISN,20188,KISN,medium_airport,Sloulin Field International Airport,,48.17789841,-103.6419983,1982,US,US-ND,Williston,N,N,N,N,N,N,N,Y,N,N,1
KITH,20193,KITH,medium_airport,Ithaca Tompkins Regional Airport,,42.49100113,-76.45839691,1099,US,US-NY,Ithaca,N,N,N,N,N,N,N,Y,N,N,1
KJMS,3624,KJMS,medium_airport,Jamestown Regional Airport,,46.92969894,-98.67819977,1500,US,US-ND,Jamestown,N,N,N,N,N,N,N,Y,N,N,1
KLAN,3629,KLAN,medium_airport,Capital City Airport,,42.77870178,-84.58740234,861,US,US-MI,Lansing,N,N,N,N,N,N,N,Y,N,N,1
KLAR,3630,KLAR,medium_airport,Laramie Regional Airport,,41.31209946,-105.6750031,7284,US,US-WY,Laramie,N,N,N,N,N,N,N,Y,N,N,1
KLBB,3633,KLBB,large_airport,Lubbock Preston Smith International Airport,,33.663601,-101.822998,3282,US,US-TX,Lubbock,N,N,N,N,N,N,N,Y,Y,N,2
KLBF,3635,KLBF,medium_airport,North Platte Regional Airport Lee Bird Field,,41.12620163,-100.6839981,2777,US,US-NE,North Platte,N,N,N,N,N,N,N,Y,N,N,1
KLBL,3636,KLBL,medium_airport,Liberal Mid-America Regional Airport,,37.0442009,-100.9599991,2885,US,US-KS,Liberal,N,N,N,N,N,N,N,Y,N,N,1
KLFT,3642,KLFT,large_airport,Lafayette Regional Airport,,30.20529938,-91.98760223,42,US,US-LA,Lafayette,N,N,N,N,N,N,N,Y,N,N,1
KLNK,3647,KLNK,medium_airport,Lincoln Airport,,40.85100174,-96.75920105,1219,US,US-NE,Lincoln,N,N,N,N,N,N,N,Y,N,N,1
KLSE,3654,KLSE,medium_airport,La Crosse Municipal Airport,,43.879002,-91.256699,655,US,US-WI,La Crosse,N,N,N,N,N,N,N,Y,N,N,1
KLWB,20390,KLWB,medium_airport,Greenbrier Valley Airport,,37.85829926,-80.39949799,2302,US,US-WV,Lewisburg,N,N,N,N,N,N,N,Y,N,N,1
KLWS,20393,KLWS,medium_airport,Lewiston Nez Perce County Airport,,46.37450027,-117.0149994,1442,US,US-ID,Lewiston,N,N,N,N,N,N,N,Y,N,N,1
KMBS,3664,KMBS,large_airport,MBS International Airport,,43.53290176,-84.07959747,668,US,US-MI,Saginaw,N,N,N,N,N,N,N,Y,N,N,1
KMEI,3674,KMEI,medium_airport,Key Field,,32.33259964,-88.75189972,297,US,US-MS,Meridian,N,N,N,N,N,N,N,Y,N,N,1
KMGM,3681,KMGM,large_airport,Montgomery Regional (Dannelly Field) Airport,,32.30059814,-86.39399719,221,US,US-AL,Montgomery,N,N,N,N,N,N,N,Y,N,N,1
KMHK,3683,KMHK,medium_airport,Manhattan Regional Airport,,39.14099884,-96.67079926,1057,US,US-KS,Manhattan,N,N,N,N,N,N,N,Y,N,N,1
KMKG,3691,KMKG,medium_airport,Muskegon County Airport,,43.169498,-86.238197,629,US,US-MI,Muskegon,N,N,N,N,N,N,N,Y,N,N,1
KMLU,3697,KMLU,large_airport,Monroe Regional Airport,,32.51089859,-92.03769684,79,US,US-LA,Monroe,N,N,N,N,N,N,N,Y,N,N,1
KMMH,20527,KMMH,small_airport,Mammoth Yosemite Airport,,37.62409973,-118.8379974,7135,US,US-CA,Mammoth Lakes,N,N,N,N,N,N,N,Y,N,N,1
KMQT,30117,KMQT,closed,Marquette Airport,,46.53390121,-87.56140137,1424,US,US-MI,,N,N,N,N,N,N,N,Y,N,N,1
KOAJ,20709,KOAJ,medium_airport,Albert J Ellis Airport,,34.82920074,-77.61209869,94,US,US-NC,Jacksonville,N,N,N,N,N,N,N,Y,N,N,1
KOTH,3759,KOTH,medium_airport,Southwest Oregon Regional Airport,,43.417099,-124.2460022,17,US,US-OR,North Bend,N,N,N,N,N,N,N,Y,N,N,1
KPAH,3764,KPAH,medium_airport,Barkley Regional Airport,,37.06079865,-88.77380371,410,US,US-KY,Paducah,N,N,N,N,N,N,N,Y,N,N,1
KPIB,3774,KPIB,medium_airport,Hattiesburg Laurel Regional Airport,,31.46710014,-89.33709717,298,US,US-MS,Hattiesburg/Laurel,N,N,N,N,N,N,N,Y,N,N,1
KPIH,3776,KPIH,medium_airport,Pocatello Regional Airport,,42.90980148,-112.5960007,4452,US,US-ID,Pocatello,N,N,N,N,N,N,N,Y,N,N,1
KPLN,3781,KPLN,medium_airport,Pellston Regional Airport of Emmet County Airport,,45.57089996,-84.79669952,721,US,US-MI,Pellston,N,N,N,N,N,N,N,Y,N,N,1
KPRC,3789,KPRC,medium_airport,Prescott Regional Airport - Ernest A. Love Field,,34.654499,-112.419998,5045,US,US-AZ,Prescott,N,N,N,N,N,N,N,Y,N,N,1
KPUB,3794,KPUB,small_airport,Pueblo Memorial Airport,,38.28910065,-104.4970016,4726,US,US-CO,Pueblo,N,N,N,N,N,N,N,Y,N,N,1
KRDD,3841,KRDD,medium_airport,Redding Municipal Airport,,40.50899887,-122.2929993,505,US,US-CA,Redding,N,N,N,N,N,N,N,Y,N,N,1
KRHI,3846,KRHI,medium_airport,Rhinelander Oneida County Airport,,45.63119888,-89.46749878,1624,US,US-WI,Rhinelander,N,N,N,N,N,N,N,Y,N,N,1
KRKS,3850,KRKS,medium_airport,Southwest Wyoming Regional Airport,,41.5942,-109.065001,6764,US,US-WY,Rock Springs,N,N,N,N,N,N,N,Y,N,N,1
KROW,3856,KROW,medium_airport,Roswell International Air Center Airport,,33.30160141,-104.5309982,3671,US,US-NM,Roswell,N,N,N,N,N,N,N,Y,N,N,1
KSHD,21066,KSHD,small_airport,Shenandoah Valley Regional Airport,,38.26380157,-78.89640045,1201,US,US-VA,Staunton/Waynesboro/Harrisonburg,N,N,N,N,N,N,N,Y,N,N,1
KSLN,3891,KSLN,medium_airport,Salina Municipal Airport,,38.79100037,-97.65219879,1288,US,US-KS,Salina,N,N,N,N,N,N,N,Y,N,N,1
KSTS,21114,KSTS,medium_airport,Charles M. Schulz Sonoma County Airport,,38.50899887,-122.8130035,128,US,US-CA,Santa Rosa,N,N,N,N,N,N,N,Y,N,N,1
KSUN,21118,KSUN,medium_airport,Friedman Memorial Airport,,43.50439835,-114.2959976,5318,US,US-ID,Hailey,N,N,N,N,N,N,N,Y,N,N,1
KTWF,3935,KTWF,medium_airport,Joslin Field Magic Valley Regional Airport,,42.4818,-114.487999,4154,US,US-ID,Twin Falls,N,N,N,N,N,N,N,Y,N,N,1
KUIN,3940,KUIN,medium_airport,Quincy Regional Baldwin Field,,39.94269943,-91.19460297,768,US,US-IL,Quincy,N,N,N,N,N,N,N,Y,N,N,1
KVEL,21318,KVEL,medium_airport,Vernal Regional Airport,,40.4408989,-109.5100021,5278,US,US-UT,Vernal,N,N,N,N,N,N,N,Y,N,N,1
KVLD,3946,KVLD,medium_airport,Valdosta Regional Airport,,30.78249931,-83.27670288,203,US,US-GA,Valdosta,N,N,N,N,N,N,N,Y,N,N,1
KWYS,3955,KWYS,medium_airport,Yellowstone Airport,,44.68840027,-111.1179962,6649,US,US-MT,West Yellowstone,N,N,N,N,N,N,N,Y,N,N,1
CYOW,1840,CYOW,large_airport,Ottawa Macdonald-Cartier International Airport,,45.32249832,-75.66919708,374,CA,CA-ON,Ottawa,N,N,N,N,N,N,N,Y,N,N,1
CYYJ,1979,CYYJ,large_airport,Victoria International Airport,,48.64690018,-123.4260025,63,CA,CA-BC,Victoria,N,N,N,N,N,N,N,Y,N,N,1
MMHO,4713,MMHO,large_airport,General Ignacio P. Garcia International Airport,,29.09589958,-111.0479965,627,MX,MX-SON,Hermosillo,N,N,N,N,N,N,N,Y,N,N,1
KCRP,3466,KCRP,large_airport,Corpus Christi International Airport,,27.77039909,-97.50119781,44,US,US-TX,Corpus Christi,N,N,N,N,N,N,N,N,Y,N,1
KAMA,3377,KAMA,large_airport,Rick Husband Amarillo International Airport,,35.219398,-101.706001,3607,US,US-TX,Amarillo,N,N,N,N,N,N,N,N,Y,N,1
