id,ICAO,type,name,Weight,latitude_deg,longitude_deg,elevation_ft,continent,iso_country,iso_region,municipality,Alaska Airlines,American Airlines,Allegiant Air,Frontier Airlines,JetBlue Airways,Delta Air Lines,United Airlines,SkyWest Airlines,Southwest Airlines,Hawaiian Airlines,airline_count
5388,PANC,large_airport,Ted Stevens Anchorage International Airport,Hub,61.174400329589844,-149.99600219726562,152.0,,US,US-AK,Anchorage,Y,Y,Y,N,N,Y,Y,N,N,N,5
3384,KATL,large_airport,Hartsfield Jackson Atlanta International Airport,Hub,33.6367,-84.428101,1026.0,,US,US-GA,Atlanta,Y,Y,N,Y,Y,Y,Y,Y,Y,N,8
3435,KBWI,large_airport,Baltimore/Washington International Thurgood Marshall Airport,Hub,39.1754,-76.668297,146.0,,US,US-MD,Baltimore,Y,N,Y,Y,Y,Y,Y,N,Y,N,7
3416,KBLI,medium_airport,Bellingham International Airport,Focus,48.79280090332031,-122.53800201416016,170.0,,US,US-WA,Bellingham,Y,N,Y,N,N,N,N,N,N,N,2
3422,KBOS,large_airport,General Edward Lawrence Logan International Airport,Hub,42.36429977,-71.00520325,20.0,,US,US-MA,Boston,Y,N,Y,Y,Y,Y,Y,Y,Y,Y,9
3754,KORD,large_airport,Chicago O'Hare International Airport,Hub,41.9786,-87.9048,672.0,,US,US-IL,Chicago,Y,N,N,Y,N,Y,Y,Y,N,N,5
3488,KDFW,large_airport,Dallas Fort Worth International Airport,Hub,32.896801,-97.038002,607.0,,US,US-TX,Dallas-Fort Worth,Y,N,N,Y,Y,Y,Y,Y,N,N,6
3479,KDAL,large_airport,Dallas Love Field,Hub,32.847099,-96.851799,487.0,,US,US-TX,Dallas,Y,N,N,N,N,Y,N,Y,Y,N,4
3486,KDEN,large_airport,Denver International Airport,Hub,39.861698150635,-104.672996521,5431.0,,US,US-CO,Denver,Y,Y,Y,Y,Y,Y,Y,Y,Y,N,9
3497,KDTW,large_airport,Detroit Metropolitan Wayne County Airport,Hub,42.212398529052734,-83.35340118408203,645.0,,US,US-MI,Detroit,Y,N,N,Y,Y,Y,Y,Y,Y,N,7
3531,KFLL,large_airport,Fort Lauderdale Hollywood International Airport,Focus,26.072599,-80.152702,9.0,,US,US-FL,Fort Lauderdale,Y,Y,Y,Y,Y,Y,Y,N,Y,N,8
5453,PHNL,large_airport,Daniel K Inouye International Airport,Hub,21.32062,-157.924228,13.0,,US,US-HI,Honolulu,Y,Y,N,N,N,Y,Y,N,Y,Y,6
3604,KIAH,large_airport,George Bush Intercontinental Houston Airport,Hub,29.98439979553223,-95.34140014648438,97.0,,US,US-TX,Houston,Y,N,N,Y,Y,Y,Y,Y,N,N,6
3610,KIND,large_airport,Indianapolis International Airport,Focus,39.7173,-86.294403,797.0,,US,US-IN,Indianapolis,Y,Y,Y,Y,N,Y,Y,Y,Y,N,8
5455,PHOG,medium_airport,Kahului Airport,Hub,20.8986,-156.429993,54.0,,US,US-HI,Kahului,Y,Y,N,N,N,Y,Y,N,Y,Y,6
3631,KLAS,large_airport,McCarran International Airport,Hub,36.08010101,-115.15200039999999,2181.0,,US,US-NV,Las Vegas,Y,Y,Y,Y,Y,Y,Y,Y,Y,Y,10
3632,KLAX,large_airport,Los Angeles International Airport,Hub,33.94250107,-118.40799709999999,125.0,,US,US-CA,Los Angeles,Y,N,Y,Y,Y,Y,Y,Y,Y,Y,9
3709,KMSP,large_airport,Minneapolis-St Paul International/Wold-Chamberlain Airport,Hub,44.882,-93.221802,841.0,,US,US-MN,Minneapolis,Y,N,N,Y,Y,Y,Y,Y,Y,N,7
3622,KJFK,large_airport,John F Kennedy International Airport,Hub,40.63980103,-73.77890015,13.0,,US,US-NY,New York,Y,N,N,N,Y,Y,N,Y,N,Y,5
3521,KEWR,large_airport,Newark Liberty International Airport,Hub,40.69250106811523,-74.168701171875,18.0,,US,US-NJ,Newark,Y,Y,Y,Y,Y,Y,Y,Y,N,N,8
3744,KOAK,large_airport,Metropolitan Oakland International Airport,Hub,37.721298,-122.221001,9.0,,US,US-CA,Oakland,Y,N,Y,N,Y,Y,N,Y,Y,Y,7
3670,KMCO,large_airport,Orlando International Airport,Hub,28.429399490356445,-81.30899810791016,96.0,,US,US-FL,Orlando,Y,Y,N,Y,Y,Y,Y,N,Y,N,7
3771,KPHL,large_airport,Philadelphia International Airport,Hub,39.87189865112305,-75.24109649658203,36.0,,US,US-PA,Philadelphia,Y,N,N,Y,Y,Y,Y,N,Y,N,6
3772,KPHX,large_airport,Phoenix Sky Harbor International Airport,Hub,33.43429946899414,-112.01200103759766,1135.0,,US,US-AZ,Phoenix,Y,N,N,Y,Y,Y,Y,Y,Y,Y,8
3778,KPIT,large_airport,Pittsburgh International Airport,Focus,40.49150085,-80.23290253,1203.0,,US,US-PA,Pittsburgh,Y,Y,Y,Y,Y,Y,Y,Y,Y,N,9
3768,KPDX,large_airport,Portland International Airport,Hub,45.58869934,-122.59799960000001,31.0,,US,US-OR,Portland,Y,Y,N,Y,Y,Y,Y,Y,Y,Y,9
3844,KRDU,large_airport,Raleigh Durham International Airport,Focus,35.877601623535156,-78.7874984741211,435.0,,US,US-NC,Raleigh/Durham,Y,Y,Y,Y,Y,Y,Y,Y,Y,N,9
3887,KSLC,large_airport,Salt Lake City International Airport,Hub,40.78839874267578,-111.97799682617188,4227.0,,US,US-UT,Salt Lake City,Y,Y,N,Y,Y,Y,Y,Y,Y,N,8
3862,KSAN,large_airport,San Diego International Airport,Focus,32.7336006165,-117.190002441,17.0,,US,US-CA,San Diego,Y,Y,Y,Y,Y,Y,Y,Y,Y,Y,10
3878,KSFO,large_airport,San Francisco International Airport,Hub,37.61899948120117,-122.375,13.0,,US,US-CA,San Francisco,Y,Y,N,Y,Y,Y,Y,Y,Y,N,8
3883,KSJC,large_airport,Norman Y. Mineta San Jose International Airport,Focus,37.362598,-121.929001,62.0,,US,US-CA,San Jose,Y,N,N,Y,Y,Y,Y,Y,Y,Y,8
3875,KSEA,large_airport,Seattle Tacoma International Airport,Hub,47.449001,-122.308998,433.0,,US,US-WA,Seattle,Y,Y,N,Y,Y,Y,Y,Y,Y,Y,9
3483,KDCA,large_airport,Ronald Reagan Washington National Airport,Hub,38.8521,-77.037697,15.0,,US,US-DC,Washington,Y,N,N,Y,Y,Y,Y,Y,Y,N,7
3602,KIAD,large_airport,Washington Dulles International Airport,Hub,38.94449997,-77.45580292,312.0,,US,US-DC,Washington,Y,Y,N,Y,N,Y,Y,Y,Y,N,7
3457,KCLT,large_airport,Charlotte Douglas International Airport,Hub,35.2140007019043,-80.94309997558594,748.0,,US,US-NC,Charlotte,N,Y,N,Y,Y,Y,Y,Y,Y,N,7
3471,KCVG,large_airport,Cincinnati Northern Kentucky International Airport,Focus,39.0488014221,-84.6678009033,896.0,,US,US-KY,Cincinnati,N,Y,Y,Y,N,Y,Y,Y,Y,N,7
3454,KCLE,large_airport,Cleveland Hopkins International Airport,Focus,41.411701202399996,-81.8498001099,791.0,,US,US-OH,Cleveland,N,Y,Y,Y,Y,Y,Y,Y,Y,N,8
3938,KTYS,large_airport,McGhee Tyson Airport,Focus,35.81100082,-83.99400329999999,981.0,,US,US-TN,Knoxville,N,Y,Y,Y,N,Y,Y,Y,N,N,6
3588,KHOU,large_airport,William P Hobby Airport,Hub,29.64539909,-95.27890015,46.0,,US,US-TX,Houston,N,Y,Y,N,N,Y,N,N,Y,N,4
3387,KAVL,large_airport,Asheville Regional Airport,Focus,35.43619918823242,-82.54180145263672,2165.0,,US,US-NC,Asheville,N,N,Y,N,N,Y,N,Y,N,N,3
3673,KMDW,large_airport,Chicago Midway International Airport,Hub,41.785999,-87.752403,620.0,,US,US-IL,Chicago,N,N,Y,N,N,Y,N,Y,Y,N,4
3948,KVPS,large_airport,Destin-Ft Walton Beach Airport,Focus,30.4832,-86.525398,87.0,,US,US-FL,Valparaiso,N,N,Y,N,N,N,N,N,N,N,1
3566,KGRR,medium_airport,Gerald R. Ford International Airport,Focus,42.88079834,-85.52279663,794.0,,US,US-MI,Grand Rapids,N,N,Y,Y,N,Y,Y,Y,Y,N,6
3717,KMYR,medium_airport,Myrtle Beach International Airport,Focus,33.6796989441,-78.9282989502,25.0,,US,US-SC,Myrtle Beach,N,N,Y,Y,N,Y,Y,N,N,N,4
3775,KPIE,medium_airport,St Petersburg Clearwater International Airport,Focus,27.91020012,-82.68740082,11.0,,US,US-FL,St Petersburg-Clearwater,N,N,Y,N,N,N,N,N,N,N,1
20822,KPGD,small_airport,Charlotte County Airport,Focus,26.92020035,-81.99050140000001,26.0,,US,US-FL,Punta Gorda,N,N,Y,N,N,N,N,N,N,N,1
6384,TJSJ,large_airport,Luis Munoz Marin International Airport,Focus,18.4393997192,-66.0018005371,9.0,,PR,PR-U-A,San Juan,N,N,Y,Y,Y,Y,Y,N,Y,N,6
3685,KMIA,large_airport,Miami International Airport,Hub,25.79319953918457,-80.29060363769531,8.0,,US,US-FL,Miami,N,N,N,Y,N,Y,Y,N,N,N,3
3643,KLGA,large_airport,La Guardia Airport,Hub,40.77719879,-73.87259674,21.0,,US,US-NY,New York,N,N,N,Y,Y,Y,Y,Y,Y,N,6
3929,KTTN,medium_airport,Trenton Mercer Airport,Focus,40.27669906616211,-74.8134994506836,213.0,,US,US-NJ,Trenton,N,N,N,Y,N,N,N,N,N,N,1
3644,KLGB,medium_airport,Long Beach /Daugherty Field/ Airport,Focus,33.81769943,-118.15200039999999,60.0,,US,US-CA,Long Beach,N,N,N,N,Y,Y,N,Y,Y,Y,5
5433,PGUM,large_airport,Antonio B. Won Pat International Airport,Hub,13.4834003448,144.796005249,298.0,OC,GU,GU-U-A,"Hagåtña, Guam International Airport",N,N,N,N,N,N,Y,N,N,N,1
123,BIKF,large_airport,Keflavik International Airport,,63.985001000000004,-22.6056,171.0,EU,IS,IS-2,Reykjavík,N,N,N,N,N,Y,Y,N,N,N,2
1321,CNM2,small_airport,Melbourne Airport,,42.82419967651367,-81.54859924316406,735.0,,CA,CA-ON,Melbourne,N,N,N,N,N,N,Y,N,N,N,1
1717,CYEG,large_airport,Edmonton International Airport,,53.309700012200004,-113.580001831,2373.0,,CA,CA-AB,Edmonton,N,N,N,N,N,Y,Y,Y,N,N,3
1840,CYOW,large_airport,Ottawa Macdonald-Cartier International Airport,,45.3224983215332,-75.66919708251953,374.0,,CA,CA-ON,Ottawa,N,N,N,N,N,N,N,Y,N,N,1
1928,CYUL,large_airport,Montreal / Pierre Elliott Trudeau International Airport,,45.4706001282,-73.7407989502,118.0,,CA,CA-QC,Montréal,N,N,N,N,N,Y,N,Y,N,N,2
1941,CYVR,large_airport,Vancouver International Airport,,49.193901061999995,-123.183998108,14.0,,CA,CA-BC,Vancouver,Y,Y,N,N,N,Y,Y,Y,N,N,5
1946,CYWG,large_airport,Winnipeg / James Armstrong Richardson International Airport,,49.909999847399995,-97.2398986816,783.0,,CA,CA-MB,Winnipeg,N,N,N,N,N,Y,N,Y,N,N,2
1957,CYXE,medium_airport,Saskatoon John G. Diefenbaker International Airport,,52.170799255371094,-106.6999969482422,1653.0,,CA,CA-SK,Saskatoon,N,N,N,N,N,Y,N,Y,N,N,2
1973,CYYC,large_airport,Calgary International Airport,,51.113899231000005,-114.019996643,3557.0,,CA,CA-AB,Calgary,Y,Y,N,Y,N,Y,Y,Y,N,N,6
1979,CYYJ,large_airport,Victoria International Airport,,48.646900177,-123.426002502,63.0,,CA,CA-BC,Victoria,N,N,N,N,N,N,N,Y,N,N,1
1990,CYYZ,large_airport,Lester B. Pearson International Airport,,43.6772003174,-79.63059997559999,569.0,,CA,CA-ON,Toronto,N,N,N,N,N,Y,Y,Y,N,N,3
2090,DGAA,large_airport,Kotoka International Airport,,5.605189800262451,-0.16678600013256073,205.0,AF,GH,GH-AA,Accra,N,N,N,N,N,Y,N,N,N,N,1
2118,DNMM,large_airport,Murtala Muhammed International Airport,,6.5773701667785645,3.321160078048706,135.0,AF,NG,NG-LA,Lagos,N,N,N,N,N,Y,N,N,N,N,1
2155,EBBR,large_airport,Brussels Airport,,50.9014015198,4.48443984985,184.0,EU,BE,BE-BRU,Brussels,N,N,N,N,N,Y,Y,N,N,N,2
2212,EDDF,large_airport,Frankfurt am Main Airport,,50.033333,8.570556,364.0,EU,DE,DE-HE,Frankfurt am Main,N,N,N,N,N,N,Y,N,N,N,1
2214,EDDH,large_airport,Hamburg Airport,,53.630401611328004,9.988229751586902,53.0,EU,DE,DE-HH,Hamburg,N,N,N,N,N,Y,N,N,N,N,1
2217,EDDL,large_airport,Düsseldorf Airport,,51.289501,6.766780000000001,147.0,EU,DE,DE-NW,Düsseldorf,N,N,N,N,N,Y,N,N,N,N,1
2218,EDDM,large_airport,Munich Airport,,48.353802,11.7861,1487.0,EU,DE,DE-BY,Munich,N,Y,N,N,N,Y,Y,N,N,N,3
2222,EDDS,large_airport,Stuttgart Airport,,48.6898994446,9.22196006775,1276.0,EU,DE,DE-BW,Stuttgart,N,N,N,N,N,Y,N,N,N,N,1
2223,EDDT,large_airport,Berlin-Tegel Airport,,52.5597,13.2877,122.0,EU,DE,DE-BE,Berlin,N,Y,N,N,N,Y,Y,N,N,N,3
2398,EGCC,large_airport,Manchester Airport,,53.35369873046875,-2.2749500274658203,257.0,EU,GB,GB-ENG,Manchester,N,Y,N,N,N,Y,Y,N,N,N,3
2429,EGKK,large_airport,London Gatwick Airport,,51.148102,-0.190278,202.0,EU,GB,GB-ENG,London,N,N,N,N,N,Y,N,N,N,N,1
2434,EGLL,large_airport,London Heathrow Airport,,51.4706,-0.461941,83.0,EU,GB,GB-ENG,London,N,N,N,N,N,Y,Y,N,N,N,2
2461,EGPF,large_airport,Glasgow International Airport,,55.871899,-4.43306,26.0,EU,GB,GB-SCT,Glasgow,N,N,N,N,N,Y,Y,N,N,N,2
2462,EGPH,large_airport,Edinburgh Airport,,55.95000076293945,-3.372499942779541,135.0,EU,GB,GB-SCT,Edinburgh,N,Y,N,N,N,Y,Y,N,N,N,3
2513,EHAM,large_airport,Amsterdam Airport Schiphol,,52.308601,4.76389,-11.0,EU,NL,NL-NH,Amsterdam,N,Y,N,N,N,Y,Y,N,N,N,3
2533,EIDW,large_airport,Dublin Airport,,53.421299,-6.27007,242.0,EU,IE,IE-D,Dublin,N,Y,N,N,N,Y,Y,N,N,N,3
2537,EINN,large_airport,Shannon Airport,,52.702,-8.92482,46.0,EU,IE,IE-CE,Shannon,N,Y,N,N,N,Y,Y,N,N,N,3
2542,EKCH,large_airport,Copenhagen Kastrup Airport,,55.617900848389,12.656000137328999,17.0,EU,DK,DK-84,Copenhagen,N,N,N,N,N,Y,N,N,N,N,1
2701,ESSA,large_airport,Stockholm-Arlanda Airport,,59.651901245116996,17.918600082397,137.0,EU,SE,SE-AB,Stockholm,N,N,N,N,N,N,Y,N,N,N,1
2775,FACT,large_airport,Cape Town International Airport,,-33.9648017883,18.6016998291,151.0,AF,ZA,ZA-WC,Cape Town,N,N,N,N,N,N,Y,N,N,N,1
31055,FAOR,large_airport,OR Tambo International Airport,,-26.1392,28.246,5558.0,AF,ZA,ZA-GT,Johannesburg,N,N,N,N,N,Y,N,N,N,N,1
325736,GOBD,large_airport,Blaise Diagne International Airport,,14.67,-17.073332999999998,290.0,AF,SN,SN-DK,Dakar,N,N,N,N,N,Y,N,N,N,N,1
3356,KABE,medium_airport,Lehigh Valley International Airport,,40.652099609375,-75.44080352783203,393.0,,US,US-PA,Allentown,N,N,Y,N,N,Y,N,Y,N,N,3
16091,KABQ,large_airport,Albuquerque International Sunport,,35.040199,-106.609001,5355.0,,US,US-NM,Albuquerque,Y,Y,Y,Y,Y,Y,Y,Y,Y,N,9
3358,KABR,medium_airport,Aberdeen Regional Airport,,45.44910049438477,-98.42179870605469,1302.0,,US,US-SD,Aberdeen,N,N,N,N,N,N,N,Y,N,N,1
3359,KABY,medium_airport,Southwest Georgia Regional Airport,,31.535499572753906,-84.19450378417969,197.0,,US,US-GA,Albany,N,N,N,N,N,N,N,Y,N,N,1
3360,KACK,medium_airport,Nantucket Memorial Airport,,41.25310135,-70.06020355,47.0,,US,US-MA,Nantucket,N,N,N,N,Y,N,N,N,N,N,1
3362,KACV,medium_airport,California Redwood Coast-Humboldt County Airport,,40.978101,-124.109,221.0,,US,US-CA,Arcata/Eureka,N,N,N,N,N,N,N,Y,N,N,1
3365,KAEX,medium_airport,Alexandria International Airport,,31.32740020751953,-92.54979705810548,89.0,,US,US-LA,Alexandria,N,N,N,N,N,N,N,Y,N,N,1
3368,KAGS,large_airport,Augusta Regional At Bush Field,,33.36989974975586,-81.9645004272461,144.0,,US,US-GA,Augusta,N,N,N,N,N,Y,N,Y,N,N,2
3371,KALB,medium_airport,Albany International Airport,,42.74829864501953,-73.80169677734375,285.0,,US,US-NY,Albany,N,Y,Y,Y,Y,Y,Y,Y,Y,N,8
3377,KAMA,large_airport,Rick Husband Amarillo International Airport,,35.219398,-101.706001,3607.0,,US,US-TX,Amarillo,N,N,N,N,N,N,N,N,Y,N,1
3382,KAPN,medium_airport,Alpena County Regional Airport,,45.07809829999999,-83.56030273,690.0,,US,US-MI,Alpena,N,N,N,N,N,N,N,Y,N,N,1
19308,KASE,medium_airport,Aspen-Pitkin Co/Sardy Field,,39.22320175,-106.8690033,7820.0,,US,US-CO,Aspen,N,N,N,N,N,N,N,Y,N,N,1
19320,KATW,small_airport,Appleton International Airport,,44.258098602299995,-88.51909637450001,918.0,,US,US-WI,Appleton,N,N,Y,N,N,Y,N,Y,N,N,3
3386,KAUS,large_airport,Austin Bergstrom International Airport,,30.194499969482425,-97.6698989868164,542.0,,US,US-TX,Austin,Y,Y,Y,Y,Y,Y,Y,Y,Y,N,9
3388,KAVP,medium_airport,Wilkes Barre Scranton International Airport,,41.338500976599995,-75.72339630130001,962.0,,US,US-PA,Wilkes-Barre/Scranton,N,N,N,N,N,Y,N,Y,N,N,2
3390,KAZO,medium_airport,Kalamazoo Battle Creek International Airport,,42.234901428222656,-85.5521011352539,874.0,,US,US-MI,Kalamazoo,N,N,N,N,N,N,N,Y,N,N,1
3396,KBDL,large_airport,Bradley International Airport,,41.9388999939,-72.68319702149999,173.0,,US,US-CT,Hartford,N,Y,N,Y,Y,Y,Y,Y,Y,N,7
3400,KBFF,medium_airport,Western Neb. Rgnl/William B. Heilig Airport,,41.87400055,-103.5960007,3967.0,,US,US-NE,Scottsbluff,N,N,N,N,N,N,N,Y,N,N,1
3402,KBFL,medium_airport,Meadows Field,,35.43360138,-119.0569992,510.0,,US,US-CA,Bakersfield,N,N,N,N,N,N,N,Y,N,N,1
3403,KBFM,medium_airport,Mobile Downtown Airport,,30.626800537100006,-88.06809997559998,26.0,,US,US-AL,Mobile,N,N,N,Y,N,N,N,N,N,N,1
3405,KBGR,large_airport,Bangor International Airport,,44.80739974975586,-68.82810211181639,192.0,,US,US-ME,Bangor,N,N,Y,N,N,N,N,Y,N,N,2
3406,KBHM,large_airport,Birmingham-Shuttlesworth International Airport,,33.56290054,-86.75350189,650.0,,US,US-AL,Birmingham,N,N,N,N,N,Y,N,Y,Y,N,3
3408,KBIL,large_airport,Billings Logan International Airport,,45.807701110839844,-108.54299926757812,3652.0,,US,US-MT,Billings,N,N,Y,Y,N,Y,Y,Y,N,N,5
3409,KBIS,medium_airport,Bismarck Municipal Airport,,46.77270126342773,-100.74600219726562,1661.0,,US,US-ND,Bismarck,N,Y,Y,Y,N,Y,Y,Y,N,N,6
19380,KBJI,medium_airport,Bemidji Regional Airport,,47.50939941,-94.93370056,1391.0,,US,US-MN,Bemidji,N,N,N,N,N,N,N,Y,N,N,1
3417,KBLV,large_airport,Scott AFB/Midamerica Airport,,38.5452,-89.835197,459.0,,US,US-IL,Belleville,N,N,Y,N,N,N,N,N,N,N,1
3419,KBMI,large_airport,Central Illinois Regional Airport at Bloomington-Normal,,40.47710037,-88.91590118,871.0,,US,US-IL,Bloomington/Normal,N,N,Y,Y,N,N,N,Y,N,N,3
3420,KBNA,large_airport,Nashville International Airport,,36.1245002746582,-86.6781997680664,599.0,,US,US-TN,Nashville,Y,Y,Y,Y,Y,Y,Y,Y,Y,N,9
3421,KBOI,large_airport,Boise Air Terminal/Gowen Field,,43.5644,-116.223,2871.0,,US,US-ID,Boise,Y,N,Y,Y,N,Y,Y,Y,Y,N,7
19406,KBRD,medium_airport,Brainerd Lakes Regional Airport,,46.39830017,-94.13809967,1232.0,,US,US-MN,Brainerd,N,N,N,N,N,N,N,Y,N,N,1
3426,KBRO,medium_airport,Brownsville South Padre Island International Airport,,25.90679931640625,-97.4259033203125,22.0,,US,US-TX,Brownsville,N,N,N,N,N,N,N,Y,N,N,1
3428,KBTM,medium_airport,Bert Mooney Airport,,45.95479965209961,-112.49700164794922,5550.0,,US,US-MT,Butte,N,N,N,N,N,N,N,Y,N,N,1
3429,KBTR,medium_airport,Baton Rouge Metropolitan Airport,,30.533199,-91.149597,70.0,,US,US-LA,Baton Rouge,N,Y,N,N,N,Y,N,Y,N,N,3
3430,KBTV,medium_airport,Burlington International Airport,,44.471900939899996,-73.15329742429998,335.0,,US,US-VT,Burlington,N,N,N,Y,Y,Y,Y,N,N,N,4
3431,KBUF,large_airport,Buffalo Niagara International Airport,,42.94049835,-78.73220062,728.0,,US,US-NY,Buffalo,N,Y,N,Y,Y,Y,Y,Y,Y,N,7
3432,KBUR,medium_airport,Bob Hope Airport,,34.200698852539055,-118.35900115966795,778.0,,US,US-CA,Burbank,Y,N,N,N,Y,Y,Y,Y,Y,N,6
3437,KBZN,medium_airport,Gallatin Field,,45.77750015,-111.15299990000001,4473.0,,US,US-MT,Bozeman,Y,N,Y,Y,Y,Y,Y,Y,N,N,7
3438,KCAE,large_airport,Columbia Metropolitan Airport,,33.93880081176758,-81.11949920654297,236.0,,US,US-SC,Columbia,N,N,N,N,N,Y,N,Y,N,N,2
3439,KCAK,medium_airport,Akron Canton Regional Airport,,40.916099548339844,-81.44219970703125,1228.0,,US,US-OH,Akron,N,Y,N,N,N,Y,N,Y,N,N,3
3442,KCDC,medium_airport,Cedar City Regional Airport,,37.70100021362305,-113.0989990234375,5622.0,,US,US-UT,Cedar City,N,N,N,N,N,N,N,Y,N,N,1
3447,KCGI,medium_airport,Cape Girardeau Regional Airport,,37.22529983520508,-89.57080078125,342.0,,US,US-MO,Cape Girardeau,N,N,N,N,N,N,N,Y,N,N,1
3448,KCHA,large_airport,Lovell Field,,35.03530120849609,-85.20379638671875,683.0,,US,US-TN,Chattanooga,N,N,Y,N,N,Y,N,Y,N,N,3
3449,KCHO,medium_airport,Charlottesville Albemarle Airport,,38.13859939575195,-78.4529037475586,639.0,,US,US-VA,Charlottesville,N,N,N,N,N,Y,N,N,N,N,1
3450,KCHS,large_airport,Charleston Air Force Base-International Airport,,32.89860153,-80.04049683,46.0,,US,US-SC,Charleston,Y,N,Y,Y,Y,Y,Y,Y,Y,N,8
3451,KCID,large_airport,The Eastern Iowa Airport,,41.88470077514648,-91.71080017089844,869.0,,US,US-IA,Cedar Rapids,N,N,Y,Y,N,Y,Y,Y,N,N,5
3452,KCIU,medium_airport,Chippewa County International Airport,,46.25080108642578,-84.47239685058594,800.0,,US,US-MI,Sault Ste Marie,N,N,N,N,N,N,N,Y,N,N,1
3453,KCKB,medium_airport,North Central West Virginia Airport,,39.2966003418,-80.2281036377,1217.0,,US,US-WV,Clarksburg,N,N,Y,N,N,N,N,Y,N,N,2
3455,KCLL,medium_airport,Easterwood Field,,30.58860016,-96.36380005,320.0,,US,US-TX,College Station,N,N,N,N,N,N,N,Y,N,N,1
3458,KCMH,large_airport,John Glenn Columbus International Airport,,39.998001,-82.891899,815.0,,US,US-OH,Columbus,Y,Y,N,Y,N,Y,Y,Y,Y,N,7
3460,KCMX,medium_airport,Houghton County Memorial Airport,,47.16839981079102,-88.48909759521484,1095.0,,US,US-MI,Hancock,N,N,N,N,N,N,N,Y,N,N,1
19529,KCNY,small_airport,Canyonlands Field,,38.75500107,-109.7549973,4557.0,,US,US-UT,Moab,N,N,N,N,N,N,N,Y,N,N,1
19530,KCOD,medium_airport,Yellowstone Regional Airport,,44.520198822,-109.024002075,5102.0,,US,US-WY,Cody,N,N,N,N,N,N,N,Y,N,N,1
3463,KCOS,large_airport,City of Colorado Springs Municipal Airport,,38.805801,-104.70099599999999,6187.0,,US,US-CO,Colorado Springs,N,N,N,Y,N,Y,Y,Y,N,N,4
3464,KCOU,medium_airport,Columbia Regional Airport,,38.8181,-92.219597,889.0,,US,US-MO,Columbia,N,N,N,N,N,N,N,Y,N,N,1
3465,KCPR,medium_airport,Casper-Natrona County International Airport,,42.908001,-106.46399699999999,5350.0,,US,US-WY,Casper,N,N,N,N,N,N,N,Y,N,N,1
3466,KCRP,large_airport,Corpus Christi International Airport,,27.77039909362793,-97.5011978149414,44.0,,US,US-TX,Corpus Christi,N,N,N,N,N,N,N,N,Y,N,1
3467,KCRW,large_airport,Yeager Airport,,38.37310028076172,-81.59320068359375,981.0,,US,US-WV,Charleston,N,N,N,N,N,Y,N,Y,N,N,2
3468,KCSG,medium_airport,Columbus Metropolitan Airport,,32.516300201416016,-84.93890380859375,397.0,,US,US-GA,Columbus,N,N,N,N,N,N,N,Y,N,N,1
19571,KCWA,medium_airport,Central Wisconsin Airport,,44.7775993347,-89.6668014526,1277.0,,US,US-WI,Mosinee,N,N,N,N,N,N,N,Y,N,N,1
3478,KDAB,large_airport,Daytona Beach International Airport,,29.179899,-81.058098,34.0,,US,US-FL,Daytona Beach,N,N,N,N,N,Y,N,N,N,N,1
3481,KDAY,large_airport,James M Cox Dayton International Airport,,39.90240097045898,-84.21939849853516,1009.0,,US,US-OH,Dayton,N,N,Y,N,N,Y,N,Y,N,N,3
3489,KDHN,medium_airport,Dothan Regional Airport,,31.3213005065918,-85.44960021972656,401.0,,US,US-AL,Dothan,N,N,N,N,N,N,N,Y,N,N,1
3491,KDLH,large_airport,Duluth International Airport,,46.8420982361,-92.19360351559999,1428.0,,US,US-MN,Duluth,N,N,N,N,N,N,N,Y,N,N,1
19654,KDRO,small_airport,Durango La Plata County Airport,,37.1515007019,-107.75399780299999,6685.0,,US,US-CO,Durango,N,N,N,N,N,N,N,Y,N,N,1
3496,KDSM,large_airport,Des Moines International Airport,,41.53400039672852,-93.66310119628906,958.0,,US,US-IA,Des Moines,N,Y,Y,Y,N,Y,Y,Y,Y,N,7
19668,KDVL,small_airport,Devils Lake Regional Airport,,48.11420059,-98.90879822,1456.0,,US,US-ND,Devils Lake,N,N,N,N,N,N,N,Y,N,N,1
3501,KEAU,medium_airport,Chippewa Valley Regional Airport,,44.86579895019531,-91.48429870605469,913.0,,US,US-WI,Eau Claire,N,N,N,N,N,N,N,Y,N,N,1
46530,KECP,medium_airport,Northwest Florida Beaches International Airport,,30.357105999999998,-85.79541400000001,69.0,,US,US-FL,Panama City Beach,N,N,N,N,N,Y,N,N,Y,N,2
3505,KEGE,medium_airport,Eagle County Regional Airport,,39.64260101,-106.9179993,6548.0,,US,US-CO,Eagle,N,Y,N,N,N,N,Y,Y,N,N,3
3508,KEKO,medium_airport,Elko Regional Airport,,40.82490158081055,-115.79199981689452,5140.0,,US,US-NV,Elko,N,N,N,N,N,N,N,Y,N,N,1
3510,KELM,medium_airport,Elmira Corning Regional Airport,,42.1599006652832,-76.8916015625,954.0,,US,US-NY,Elmira/Corning,N,N,Y,N,N,N,N,N,N,N,1
3512,KELP,medium_airport,El Paso International Airport,,31.80719948,-106.37799840000002,3959.0,,US,US-TX,El Paso,Y,Y,Y,Y,N,Y,N,Y,Y,N,7
19770,KESC,small_airport,Delta County Airport,,45.7226982117,-87.0936965942,609.0,,US,US-MI,Escanaba,N,N,N,N,N,N,N,Y,N,N,1
3517,KEUG,medium_airport,Mahlon Sweet Field,,44.12459945678711,-123.21199798583984,374.0,,US,US-OR,Eugene,N,N,Y,N,N,Y,Y,Y,N,N,4
3518,KEVV,medium_airport,Evansville Regional Airport,,38.0369987488,-87.53240203860001,418.0,,US,US-IN,Evansville,N,N,Y,N,N,N,N,Y,N,N,2
3520,KEWN,medium_airport,Coastal Carolina Regional Airport,,35.0730018616,-77.04290008539998,18.0,,US,US-NC,New Bern,N,N,N,N,N,N,N,Y,N,N,1
3522,KEYW,medium_airport,Key West International Airport,,24.556100845336914,-81.75959777832031,3.0,,US,US-FL,Key West,N,N,N,N,N,Y,N,N,N,N,1
3523,KFAR,medium_airport,Hector International Airport,,46.92070007324219,-96.81580352783205,902.0,,US,US-ND,Fargo,N,Y,Y,Y,N,Y,N,Y,N,N,5
3524,KFAT,medium_airport,Fresno Yosemite International Airport,,36.77619934082031,-119.71800231933594,336.0,,US,US-CA,Fresno,N,Y,Y,Y,N,N,Y,Y,N,N,5
3525,KFAY,medium_airport,Fayetteville Regional Grannis Field,,34.991199493408196,-78.88030242919922,189.0,,US,US-NC,Fayetteville,N,N,N,N,N,Y,N,N,N,N,1
3530,KFLG,medium_airport,Flagstaff Pulliam Airport,,35.13850021,-111.6709976,7014.0,,US,US-AZ,Flagstaff,N,N,N,N,N,N,N,Y,N,N,1
3535,KFNT,medium_airport,Bishop International Airport,,42.96540069580078,-83.74359893798828,782.0,,US,US-MI,Flint,N,N,Y,N,Y,Y,N,Y,N,N,4
3541,KFSD,medium_airport,Joe Foss Field Airport,,43.5820007324,-96.741897583,1429.0,,US,US-SD,Sioux Falls,N,N,Y,Y,N,Y,Y,Y,N,N,5
3543,KFSM,large_airport,Fort Smith Regional Airport,,35.33660125732422,-94.36740112304688,469.0,,US,US-AR,Fort Smith,N,N,N,N,N,N,N,Y,N,N,1
3547,KFWA,large_airport,Fort Wayne International Airport,,40.97850037,-85.19509888,814.0,,US,US-IN,Fort Wayne,N,N,Y,N,N,N,N,Y,N,N,2
19929,KGCC,medium_airport,Gillette Campbell County Airport,,44.3488998413,-105.539001465,4365.0,,US,US-WY,Gillette,N,N,N,N,N,N,N,Y,N,N,1
3552,KGEG,large_airport,Spokane International Airport,,47.61989974975586,-117.53399658203124,2376.0,,US,US-WA,Spokane,Y,Y,N,Y,N,Y,Y,Y,Y,N,7
3553,KGFK,medium_airport,Grand Forks International Airport,,47.949298999999996,-97.176102,845.0,,US,US-ND,Grand Forks,N,N,Y,N,N,N,N,Y,N,N,2
3557,KGJT,medium_airport,Grand Junction Regional Airport,,39.1223983765,-108.527000427,4858.0,,US,US-CO,Grand Junction,N,N,Y,N,N,N,N,Y,N,N,2
3559,KGNV,medium_airport,Gainesville Regional Airport,,29.6900997162,-82.27179718020001,152.0,,US,US-FL,Gainesville,N,N,N,N,N,Y,N,Y,N,N,2
3527,KGPI,medium_airport,Glacier Park International Airport,,48.31050109863281,-114.25599670410156,2977.0,,US,US-MT,Kalispell,N,N,Y,N,N,Y,Y,N,N,N,3
3561,KGPT,large_airport,Gulfport Biloxi International Airport,,30.40730094909668,-89.07009887695312,28.0,,US,US-MS,Gulfport,N,N,Y,N,N,Y,N,N,N,N,2
3562,KGRB,large_airport,Austin Straubel International Airport,,44.48509979248047,-88.12960052490234,695.0,,US,US-WI,Green Bay,N,N,N,Y,N,Y,N,Y,N,N,3
3564,KGRI,medium_airport,Central Nebraska Regional Airport,,40.96749877929688,-98.30960083007812,1847.0,,US,US-NE,Grand Island,N,N,Y,N,N,N,N,N,N,N,1
3565,KGRK,medium_airport,Robert Gray  Army Air Field Airport,,31.067199706999997,-97.8289031982,1015.0,,US,US-TX,Fort Hood/Killeen,N,N,N,N,N,N,N,Y,N,N,1
3568,KGSO,large_airport,Piedmont Triad International Airport,,36.097801208496094,-79.93730163574219,925.0,,US,US-NC,Greensboro,N,Y,Y,N,N,Y,Y,Y,N,N,5
3569,KGSP,large_airport,Greenville Spartanburg International Airport,,34.895698547399995,-82.2189025879,964.0,,US,US-SC,Greenville,N,N,Y,Y,N,Y,N,Y,Y,N,5
3571,KGTF,medium_airport,Great Falls International Airport,,47.48199844,-111.3710022,3680.0,,US,US-MT,Great Falls,N,N,Y,N,N,N,N,Y,N,N,2
20038,KHDN,small_airport,Yampa Valley Airport,,40.48120117,-107.21800230000001,6606.0,,US,US-CO,Hayden,N,Y,N,N,Y,Y,N,Y,Y,N,5
3577,KHGR,medium_airport,Hagerstown Regional Richard A Henson Field,,39.707901,-77.72949982,703.0,,US,US-MD,Hagerstown,N,N,Y,N,N,N,N,N,N,N,1
3579,KHIB,large_airport,Range Regional Airport,,47.38660049,-92.83899689,1354.0,,US,US-MN,Hibbing,N,N,N,N,N,N,N,Y,N,N,1
3582,KHLN,medium_airport,Helena Regional Airport,,46.6068000793457,-111.98300170898438,3877.0,,US,US-MT,Helena,N,N,N,N,N,N,N,Y,N,N,1
3589,KHPN,medium_airport,Westchester County Airport,,41.06700134277344,-73.70760345458984,439.0,,US,US-NY,White Plains,N,N,N,N,Y,Y,N,Y,N,N,3
3591,KHRL,medium_airport,Valley International Airport,,26.228500366210934,-97.65440368652344,36.0,,US,US-TX,Harlingen,N,N,N,Y,N,Y,N,N,Y,N,3
3594,KHSV,large_airport,Huntsville International Carl T Jones Field,,34.637199401855,-86.775100708008,629.0,,US,US-AL,Huntsville,N,N,N,Y,N,Y,N,Y,N,N,3
3595,KHTS,large_airport,Tri-State/Milton J. Ferguson Field,,38.36669922,-82.55799866,828.0,,US,US-WV,Huntington,N,N,Y,N,N,N,N,N,N,N,1
3600,KHYA,medium_airport,Barnstable Municipal Boardman Polando Field,,41.66930008,-70.28040314,54.0,,US,US-MA,Hyannis,N,N,N,N,Y,N,N,N,N,N,1
20109,KHYS,medium_airport,Hays Regional Airport,,38.84220123,-99.27320099,1999.0,,US,US-KS,Hays,N,N,N,N,N,N,N,Y,N,N,1
3603,KIAG,medium_airport,Niagara Falls International Airport,,43.1072998046875,-78.94619750976562,589.0,,US,US-NY,Niagara Falls,N,N,Y,N,N,N,N,N,N,N,1
3605,KICT,large_airport,Wichita Eisenhower National Airport,,37.649899,-97.433098,1333.0,,US,US-KS,Wichita,Y,N,Y,Y,N,Y,Y,Y,Y,N,7
3606,KIDA,medium_airport,Idaho Falls Regional Airport,,43.514599,-112.070999,4744.0,,US,US-ID,Idaho Falls,N,N,Y,N,N,N,N,Y,N,N,2
3608,KILG,medium_airport,New Castle Airport,,39.67869949,-75.60649872,80.0,,US,US-DE,Wilmington,N,N,N,Y,N,N,N,N,N,N,1
3609,KILM,medium_airport,Wilmington International Airport,,34.27059936523437,-77.90260314941406,32.0,,US,US-NC,Wilmington,N,Y,N,N,N,Y,Y,N,N,N,3
20177,KIMT,small_airport,Ford Airport,,45.8184013367,-88.11450195309999,1182.0,,US,US-MI,Iron Mountain / Kingsford,N,N,N,N,N,N,N,Y,N,N,1
3612,KINL,medium_airport,Falls International Airport,,48.566200256347656,-93.4030990600586,1185.0,,US,US-MN,International Falls,N,N,N,N,N,N,N,Y,N,N,1
20188,KISN,medium_airport,Sloulin Field International Airport,,48.177898407,-103.64199829100001,1982.0,,US,US-ND,Williston,N,N,N,N,N,N,N,Y,N,N,1
3616,KISP,medium_airport,Long Island Mac Arthur Airport,,40.79520035,-73.10019684,99.0,,US,US-NY,Islip,N,N,N,Y,N,N,N,N,Y,N,2
20193,KITH,medium_airport,Ithaca Tompkins Regional Airport,,42.49100112915039,-76.4583969116211,1099.0,,US,US-NY,Ithaca,N,N,N,N,N,N,N,Y,N,N,1
3617,KIWA,medium_airport,Phoenix-Mesa-Gateway Airport,,33.30780029,-111.65499879999999,1382.0,,US,US-AZ,Phoenix,N,N,Y,N,N,N,N,N,N,N,1
3618,KJAC,medium_airport,Jackson Hole Airport,,43.6072998046875,-110.73799896240234,6451.0,,US,US-WY,Jackson,N,Y,N,Y,N,Y,Y,Y,N,N,5
3619,KJAN,large_airport,Jackson-Medgar Wiley Evers International Airport,,32.3111991882,-90.0758972168,346.0,,US,US-MS,Jackson,N,N,N,Y,N,Y,N,N,N,N,2
3620,KJAX,large_airport,Jacksonville International Airport,,30.49410057067871,-81.68789672851562,30.0,,US,US-FL,Jacksonville,N,Y,Y,Y,Y,Y,Y,Y,Y,N,8
3624,KJMS,medium_airport,Jamestown Regional Airport,,46.92969894,-98.67819977,1500.0,,US,US-ND,Jamestown,N,N,N,N,N,N,N,Y,N,N,1
20220,KJQF,small_airport,Concord-Padgett Regional Airport,,35.387798,-80.709099,705.0,,US,US-NC,Concord,N,N,Y,N,N,N,N,N,N,N,1
3629,KLAN,medium_airport,Capital City Airport,,42.77870178222656,-84.58740234375,861.0,,US,US-MI,Lansing,N,N,N,N,N,N,N,Y,N,N,1
3630,KLAR,medium_airport,Laramie Regional Airport,,41.31209945678711,-105.6750030517578,7284.0,,US,US-WY,Laramie,N,N,N,N,N,N,N,Y,N,N,1
3633,KLBB,large_airport,Lubbock Preston Smith International Airport,,33.663601,-101.822998,3282.0,,US,US-TX,Lubbock,N,N,N,N,N,N,N,Y,Y,N,2
3635,KLBF,medium_airport,North Platte Regional Airport Lee Bird Field,,41.12620163,-100.6839981,2777.0,,US,US-NE,North Platte,N,N,N,N,N,N,N,Y,N,N,1
3636,KLBL,medium_airport,Liberal Mid-America Regional Airport,,37.04420089999999,-100.95999909999999,2885.0,,US,US-KS,Liberal,N,N,N,N,N,N,N,Y,N,N,1
3638,KLCK,large_airport,Rickenbacker International Airport,,39.813801,-82.927803,744.0,,US,US-OH,Columbus,N,N,Y,N,N,N,N,N,N,N,1
3640,KLEX,large_airport,Blue Grass Airport,,38.0364990234375,-84.60590362548828,979.0,,US,US-KY,Lexington,N,N,Y,N,N,Y,N,Y,N,N,3
3642,KLFT,large_airport,Lafayette Regional Airport,,30.20529938,-91.98760223,42.0,,US,US-LA,Lafayette,N,N,N,N,N,N,N,Y,N,N,1
3645,KLIT,large_airport,Bill & Hillary Clinton National Airport/Adams Field,,34.729400634799994,-92.22429656979999,262.0,,US,US-AR,Little Rock,N,N,Y,Y,N,Y,N,Y,Y,N,5
3647,KLNK,medium_airport,Lincoln Airport,,40.85100173950195,-96.75920104980469,1219.0,,US,US-NE,Lincoln,N,N,N,N,N,N,N,Y,N,N,1
3651,KLRD,medium_airport,Laredo International Airport,,27.543800354003906,-99.46160125732422,508.0,,US,US-TX,Laredo,N,N,Y,N,N,N,N,N,N,N,1
3654,KLSE,medium_airport,La Crosse Municipal Airport,,43.879002,-91.256699,655.0,,US,US-WI,La Crosse,N,N,N,N,N,N,N,Y,N,N,1
20390,KLWB,medium_airport,Greenbrier Valley Airport,,37.8582992554,-80.3994979858,2302.0,,US,US-WV,Lewisburg,N,N,N,N,N,N,N,Y,N,N,1
20393,KLWS,medium_airport,Lewiston Nez Perce County Airport,,46.3745002746582,-117.01499938964844,1442.0,,US,US-ID,Lewiston,N,N,N,N,N,N,N,Y,N,N,1
3663,KMAF,medium_airport,Midland International Airport,,31.9424991607666,-102.2020034790039,2871.0,,US,US-TX,Midland,N,N,N,N,N,N,Y,Y,Y,N,3
3664,KMBS,large_airport,MBS International Airport,,43.532901763916016,-84.07959747314453,668.0,,US,US-MI,Saginaw,N,N,N,N,N,N,N,Y,N,N,1
3668,KMCI,large_airport,Kansas City International Airport,,39.2976,-94.713898,1026.0,,US,US-MO,Kansas City,Y,Y,Y,Y,N,Y,Y,Y,Y,N,8
3672,KMDT,medium_airport,Harrisburg International Airport,,40.1935005188,-76.7633972168,310.0,,US,US-PA,Harrisburg,N,Y,Y,Y,N,Y,Y,Y,N,N,6
3674,KMEI,medium_airport,Key Field,,32.33259963989258,-88.75189971923828,297.0,,US,US-MS,Meridian,N,N,N,N,N,N,N,Y,N,N,1
3675,KMEM,large_airport,Memphis International Airport,,35.04240036010742,-89.97669982910156,341.0,,US,US-TN,Memphis,N,Y,Y,Y,N,Y,Y,Y,Y,N,7
3678,KMFE,medium_airport,Mc Allen Miller International Airport,,26.17580032,-98.23860168,107.0,,US,US-TX,Mc Allen,N,N,Y,N,N,N,Y,N,N,N,2
3679,KMFR,medium_airport,Rogue Valley International Medford Airport,,42.37419891357422,-122.8730010986328,1335.0,,US,US-OR,Medford,N,N,Y,N,N,N,Y,Y,N,N,3
3681,KMGM,large_airport,Montgomery Regional (Dannelly Field) Airport,,32.30059814,-86.39399719,221.0,,US,US-AL,Montgomery,N,N,N,N,N,N,N,Y,N,N,1
3683,KMHK,medium_airport,Manhattan Regional Airport,,39.14099884033203,-96.6707992553711,1057.0,,US,US-KS,Manhattan,N,N,N,N,N,N,N,Y,N,N,1
3684,KMHT,large_airport,Manchester-Boston Regional Airport,,42.932598,-71.435699,266.0,,US,US-NH,Manchester,N,N,N,N,N,Y,N,Y,Y,N,3
3690,KMKE,large_airport,General Mitchell International Airport,,42.94720077514648,-87.89659881591797,723.0,,US,US-WI,Milwaukee,Y,N,N,Y,N,Y,Y,Y,Y,N,6
3691,KMKG,medium_airport,Muskegon County Airport,,43.169498,-86.238197,629.0,,US,US-MI,Muskegon,N,N,N,N,N,N,N,Y,N,N,1
3693,KMLB,medium_airport,Melbourne International Airport,,28.10280036926269,-80.64530181884766,33.0,,US,US-FL,Melbourne,N,N,N,N,N,Y,N,N,N,N,1
3695,KMLI,large_airport,Quad City International Airport,,41.44850158691406,-90.50749969482422,590.0,,US,US-IL,Moline,N,N,Y,N,N,N,N,Y,N,N,2
3697,KMLU,large_airport,Monroe Regional Airport,,32.51089859008789,-92.0376968383789,79.0,,US,US-LA,Monroe,N,N,N,N,N,N,N,Y,N,N,1
20527,KMMH,small_airport,Mammoth Yosemite Airport,,37.62409973,-118.83799740000002,7135.0,,US,US-CA,Mammoth Lakes,N,N,N,N,N,N,N,Y,N,N,1
3700,KMOB,large_airport,Mobile Regional Airport,,30.691200256348,-88.242797851562,219.0,,US,US-AL,Mobile,N,N,N,N,N,Y,N,Y,N,N,2
3702,KMOT,medium_airport,Minot International Airport,,48.2593994140625,-101.27999877929688,1716.0,,US,US-ND,Minot,N,N,Y,N,N,N,N,Y,N,N,2
20554,KMQI,small_airport,Dare County Regional Airport,,35.91899872,-75.69550323,13.0,,US,US-NC,Manteo,N,N,N,N,N,Y,N,N,N,N,1
30117,KMQT,closed,Marquette Airport,,46.53390121459961,-87.5614013671875,1424.0,,US,US-MI,,N,N,N,N,N,N,N,Y,N,N,1
3705,KMRY,medium_airport,Monterey Peninsula Airport,,36.58700180053711,-121.84300231933594,257.0,,US,US-CA,Monterey,N,N,Y,N,N,N,N,Y,N,N,2
3707,KMSN,large_airport,Dane County Regional Truax Field,,43.13990020751953,-89.3375015258789,887.0,,US,US-WI,Madison,N,N,N,Y,N,N,Y,Y,N,N,3
3708,KMSO,medium_airport,Missoula International Airport,,46.91630173,-114.0910034,3206.0,,US,US-MT,Missoula,N,Y,Y,Y,N,Y,Y,Y,N,N,6
3711,KMSY,large_airport,Louis Armstrong New Orleans International Airport,,29.99340057373047,-90.25800323486328,4.0,,US,US-LA,New Orleans,Y,Y,Y,Y,Y,Y,Y,Y,Y,N,9
20565,KMTJ,medium_airport,Montrose Regional Airport,,38.5097999573,-107.89399719200001,5759.0,,US,US-CO,Montrose,N,Y,Y,N,N,Y,Y,Y,N,N,5
20578,KMVY,small_airport,Martha's Vineyard Airport,,41.393100738499996,-70.6143035889,67.0,,US,US-MA,Martha's Vineyard,N,N,N,N,Y,N,N,N,N,N,1
20709,KOAJ,medium_airport,Albert J Ellis Airport,,34.8292007446,-77.61209869380002,94.0,,US,US-NC,Jacksonville,N,N,N,N,N,N,N,Y,N,N,1
3746,KOGD,medium_airport,Ogden Hinckley Airport,,41.195899963379,-112.0120010376,4473.0,,US,US-UT,Ogden,N,N,Y,N,N,N,N,N,N,N,1
20727,KOGS,small_airport,Ogdensburg International Airport,,44.681900024399994,-75.46549987790002,297.0,,US,US-NY,Ogdensburg,N,N,Y,N,N,N,N,N,N,N,1
3747,KOKC,large_airport,Will Rogers World Airport,,35.39310073852539,-97.60070037841795,1295.0,,US,US-OK,Oklahoma City,Y,Y,Y,Y,N,Y,Y,Y,Y,N,8
3751,KOMA,large_airport,Eppley Airfield,,41.3032,-95.89409599999999,984.0,,US,US-NE,Omaha,Y,Y,Y,Y,N,Y,Y,Y,Y,N,8
3752,KONT,large_airport,Ontario International Airport,,34.05599975585937,-117.60099792480469,944.0,,US,US-CA,Ontario,Y,Y,N,Y,Y,Y,Y,Y,Y,N,8
3755,KORF,large_airport,Norfolk International Airport,,36.89459991455078,-76.20120239257812,26.0,,US,US-VA,Norfolk,N,Y,Y,Y,N,Y,Y,Y,Y,N,7
3756,KORH,medium_airport,Worcester Regional Airport,,42.26729965209961,-71.87570190429688,1009.0,,US,US-MA,Worcester,N,Y,N,N,Y,N,N,N,N,N,2
3759,KOTH,medium_airport,Southwest Oregon Regional Airport,,43.41709899902344,-124.24600219726562,17.0,,US,US-OR,North Bend,N,N,N,N,N,N,N,Y,N,N,1
3761,KOWB,medium_airport,Owensboro Daviess County Airport,,37.74010086,-87.16680145,407.0,,US,US-KY,Owensboro,N,N,Y,N,N,N,N,N,N,N,1
3763,KPAE,medium_airport,Snohomish County (Paine Field) Airport,,47.90629959,-122.28199769999999,606.0,,US,US-WA,Everett,Y,N,N,N,N,N,Y,N,N,N,2
3764,KPAH,medium_airport,Barkley Regional Airport,,37.06079864501953,-88.7738037109375,410.0,,US,US-KY,Paducah,N,N,N,N,N,N,N,Y,N,N,1
20808,KPBG,medium_airport,Plattsburgh International Airport,,44.6509017944336,-73.46810150146484,234.0,,US,US-NY,Plattsburgh,N,N,Y,N,N,N,N,Y,N,N,2
3766,KPBI,large_airport,Palm Beach International Airport,,26.68320083618164,-80.09559631347656,19.0,,US,US-FL,West Palm Beach,N,Y,Y,Y,Y,Y,Y,N,Y,N,7
3770,KPHF,large_airport,Newport News Williamsburg International Airport,,37.13190079,-76.49299622,42.0,,US,US-VA,Newport News,N,N,N,N,N,Y,N,N,N,N,1
3773,KPIA,large_airport,General Wayne A. Downing Peoria International Airport,,40.664199829100006,-89.6932983398,660.0,,US,US-IL,Peoria,N,N,Y,N,N,N,N,Y,N,N,2
3774,KPIB,medium_airport,Hattiesburg Laurel Regional Airport,,31.467100143432614,-89.33709716796875,298.0,,US,US-MS,Hattiesburg/Laurel,N,N,N,N,N,N,N,Y,N,N,1
3776,KPIH,medium_airport,Pocatello Regional Airport,,42.9098014831543,-112.59600067138672,4452.0,,US,US-ID,Pocatello,N,N,N,N,N,N,N,Y,N,N,1
3781,KPLN,medium_airport,Pellston Regional Airport of Emmet County Airport,,45.57089996,-84.79669952,721.0,,US,US-MI,Pellston,N,N,N,N,N,N,N,Y,N,N,1
3783,KPNS,medium_airport,Pensacola International Airport,,30.4734,-87.1866,121.0,,US,US-FL,Pensacola,N,Y,N,Y,N,Y,Y,Y,Y,N,6
3789,KPRC,medium_airport,Prescott Regional Airport - Ernest A. Love Field,,34.654499,-112.41999799999999,5045.0,,US,US-AZ,Prescott,N,N,N,N,N,N,N,Y,N,N,1
20870,KPSC,medium_airport,Tri Cities Airport,,46.26470184326172,-119.11900329589844,410.0,,US,US-WA,Pasco,N,N,Y,N,N,N,N,Y,N,N,2
3791,KPSM,medium_airport,Portsmouth International at Pease Airport,,43.0778999329,-70.8233032227,100.0,,US,US-NH,Portsmouth,N,N,Y,N,N,N,N,N,N,N,1
3792,KPSP,medium_airport,Palm Springs International Airport,,33.829700469970696,-116.50700378417969,477.0,,US,US-CA,Palm Springs,Y,Y,Y,Y,Y,Y,Y,Y,N,N,8
3794,KPUB,small_airport,Pueblo Memorial Airport,,38.289100646972656,-104.49700164794922,4726.0,,US,US-CO,Pueblo,N,N,N,N,N,N,N,Y,N,N,1
3795,KPVD,large_airport,Theodore Francis Green State Airport,,41.732601,-71.42040300000001,55.0,,US,US-RI,Providence,N,N,Y,Y,Y,Y,Y,Y,Y,N,7
20890,KPVU,medium_airport,Provo Municipal Airport,,40.219200134277,-111.72299957275,4497.0,,US,US-UT,Provo,N,N,Y,N,N,N,N,N,N,N,1
3796,KPWM,large_airport,Portland International Jetport,,43.646198,-70.309303,76.0,,US,US-ME,Portland,N,Y,N,Y,Y,Y,Y,Y,Y,N,7
3838,KRAP,medium_airport,Rapid City Regional Airport,,44.0452995300293,-103.05699920654295,3204.0,,US,US-SD,Rapid City,N,N,Y,N,N,N,N,Y,N,N,2
3841,KRDD,medium_airport,Redding Municipal Airport,,40.50899887,-122.2929993,505.0,,US,US-CA,Redding,N,N,N,N,N,N,N,Y,N,N,1
3843,KRDM,medium_airport,Roberts Field,,44.254100799999996,-121.15000149999999,3080.0,,US,US-OR,Redmond,N,N,Y,N,N,N,Y,Y,N,N,3
3845,KRFD,large_airport,Chicago Rockford International Airport,,42.19540023803711,-89.09719848632812,742.0,,US,US-IL,Chicago/Rockford,N,N,Y,N,N,N,N,N,N,N,1
3846,KRHI,medium_airport,Rhinelander Oneida County Airport,,45.63119888305664,-89.46749877929688,1624.0,,US,US-WI,Rhinelander,N,N,N,N,N,N,N,Y,N,N,1
3847,KRIC,large_airport,Richmond International Airport,,37.50519943237305,-77.3197021484375,167.0,,US,US-VA,Richmond,N,Y,Y,N,Y,Y,Y,Y,Y,N,7
3850,KRKS,medium_airport,Southwest Wyoming Regional Airport,,41.5942,-109.065001,6764.0,,US,US-WY,Rock Springs,N,N,N,N,N,N,N,Y,N,N,1
3853,KRNO,large_airport,Reno Tahoe International Airport,,39.49909973144531,-119.76799774169922,4415.0,,US,US-NV,Reno,Y,Y,Y,Y,Y,Y,Y,Y,Y,N,9
3854,KROA,large_airport,Roanoke–Blacksburg Regional Airport,,37.3255,-79.975403,1175.0,,US,US-VA,Roanoke,N,N,Y,N,N,Y,N,Y,N,N,3
3855,KROC,large_airport,Greater Rochester International Airport,,43.118900299072266,-77.67240142822266,559.0,,US,US-NY,Rochester,N,Y,Y,N,Y,Y,Y,Y,Y,N,7
3856,KROW,medium_airport,Roswell International Air Center Airport,,33.30160140991211,-104.53099822998048,3671.0,,US,US-NM,Roswell,N,N,N,N,N,N,N,Y,N,N,1
3857,KRST,large_airport,Rochester International Airport,,43.90829849243164,-92.5,1317.0,,US,US-MN,Rochester,N,N,N,N,N,N,Y,Y,N,N,2
3858,KRSW,large_airport,Southwest Florida International Airport,,26.53619956970215,-81.75520324707031,30.0,,US,US-FL,Fort Myers,N,Y,N,Y,Y,Y,Y,N,Y,N,6
21033,KSAF,medium_airport,Santa Fe Municipal Airport,,35.617099761999995,-106.08899688700001,6348.0,,US,US-NM,Santa Fe,N,Y,N,N,N,N,N,Y,N,N,2
3863,KSAT,large_airport,San Antonio International Airport,,29.533700942993164,-98.46980285644531,809.0,,US,US-TX,San Antonio,Y,Y,Y,Y,N,Y,Y,Y,Y,N,8
3864,KSAV,large_airport,Savannah Hilton Head International Airport,,32.12760162,-81.20210266,50.0,,US,US-GA,Savannah,N,N,Y,Y,Y,Y,Y,Y,N,N,6
3866,KSBA,medium_airport,Santa Barbara Municipal Airport,,34.42620087,-119.8399963,13.0,,US,US-CA,Santa Barbara,Y,Y,N,Y,N,N,Y,Y,N,N,5
3868,KSBN,large_airport,South Bend Regional Airport,,41.70869827270508,-86.31729888916016,799.0,,US,US-IN,South Bend,N,N,Y,N,N,N,N,Y,N,N,2
3869,KSBP,medium_airport,San Luis County Regional Airport,,35.2368011475,-120.64199829100001,212.0,,US,US-CA,San Luis Obispo,Y,N,N,N,N,N,N,Y,N,N,2
3872,KSCK,medium_airport,Stockton Metropolitan Airport,,37.894199371338,-121.2379989624,33.0,,US,US-CA,Stockton,N,N,Y,N,N,N,N,N,N,N,1
3873,KSDF,large_airport,Louisville Muhammad Ali International Airport,,38.1744,-85.736,501.0,,US,US-KY,Louisville,N,N,Y,Y,N,Y,N,Y,Y,N,5
3876,KSFB,large_airport,Orlando Sanford International Airport,,28.7775993347168,-81.23750305175781,55.0,,US,US-FL,Orlando,N,N,Y,N,N,N,N,N,N,N,1
3879,KSGF,large_airport,Springfield Branson National Airport,,37.24570084,-93.38860321,1268.0,,US,US-MO,Springfield,N,N,Y,N,N,Y,N,Y,N,N,3
21061,KSGJ,medium_airport,Northeast Florida Regional Airport,,29.9592,-81.339798,10.0,,US,US-FL,St Augustine,N,N,N,N,N,Y,N,N,N,N,1
21065,KSGU,medium_airport,St George Municipal Airport,,37.036389,-113.510306,2941.0,,US,US-UT,St George,N,N,Y,N,N,N,N,Y,N,N,2
21066,KSHD,small_airport,Shenandoah Valley Regional Airport,,38.2638015747,-78.8964004517,1201.0,,US,US-VA,Staunton/Waynesboro/Harrisonburg,N,N,N,N,N,N,N,Y,N,N,1
3882,KSHV,medium_airport,Shreveport Regional Airport,,32.446602,-93.8256,258.0,,US,US-LA,Shreveport,N,N,Y,N,N,N,N,Y,N,N,2
3891,KSLN,medium_airport,Salina Municipal Airport,,38.79100036621094,-97.6521987915039,1288.0,,US,US-KS,Salina,N,N,N,N,N,N,N,Y,N,N,1
3892,KSMF,large_airport,Sacramento International Airport,,38.69540023803711,-121.59100341796876,27.0,,US,US-CA,Sacramento,Y,Y,N,Y,Y,Y,Y,Y,Y,Y,9
3893,KSMX,medium_airport,Santa Maria Pub/Capt G Allan Hancock Field,,34.89889908,-120.4570007,261.0,,US,US-CA,Santa Maria,N,N,Y,N,N,N,N,N,N,N,1
3894,KSNA,large_airport,John Wayne Airport-Orange County Airport,,33.67570114,-117.86799620000001,56.0,,US,US-CA,Santa Ana,Y,N,N,Y,N,Y,Y,Y,Y,N,6
3897,KSPI,large_airport,Abraham Lincoln Capital Airport,,39.84410095,-89.67790222,598.0,,US,US-IL,Springfield,N,N,Y,N,N,N,N,Y,N,N,2
3899,KSRQ,large_airport,Sarasota Bradenton International Airport,,27.39539909362793,-82.55439758300781,30.0,,US,US-FL,Sarasota/Bradenton,N,Y,Y,Y,Y,Y,Y,N,N,N,6
3903,KSTC,medium_airport,St Cloud Regional Airport,,45.54660034179688,-94.05989837646484,1031.0,,US,US-MN,St Cloud,N,N,Y,N,N,N,N,N,N,N,1
3905,KSTL,large_airport,St Louis Lambert International Airport,,38.748697,-90.370003,618.0,,US,US-MO,St Louis,Y,Y,N,Y,N,Y,Y,Y,Y,N,7
21114,KSTS,medium_airport,Charles M. Schulz Sonoma County Airport,,38.50899887,-122.8130035,128.0,,US,US-CA,Santa Rosa,N,N,N,N,N,N,N,Y,N,N,1
21118,KSUN,medium_airport,Friedman Memorial Airport,,43.50439835,-114.2959976,5318.0,,US,US-ID,Hailey,N,N,N,N,N,N,N,Y,N,N,1
3911,KSWF,medium_airport,New York Stewart International Airport,,41.504101,-74.10479699999999,491.0,,US,US-NY,Newburgh,N,N,Y,N,Y,N,N,Y,N,N,3
3913,KSYR,large_airport,Syracuse Hancock International Airport,,43.11119842529297,-76.1063003540039,421.0,,US,US-NY,Syracuse,N,Y,Y,Y,Y,Y,Y,Y,N,N,7
3924,KTLH,large_airport,Tallahassee Regional Airport,,30.396499633789066,-84.35030364990234,81.0,,US,US-FL,Tallahassee,N,N,N,N,N,Y,N,N,N,N,1
3925,KTOL,large_airport,Toledo Express Airport,,41.58679962,-83.80780029,683.0,,US,US-OH,Toledo,N,Y,Y,N,N,N,N,Y,N,N,3
3926,KTPA,large_airport,Tampa International Airport,,27.975500106811523,-82.533203125,26.0,,US,US-FL,Tampa,Y,Y,N,Y,Y,Y,Y,Y,Y,N,8
3928,KTRI,large_airport,Tri-Cities Regional TN/VA Airport,,36.475201,-82.40740100000001,1519.0,,US,US-TN,Bristol/Johnson/Kingsport,N,N,Y,N,N,Y,N,N,N,N,2
3930,KTUL,large_airport,Tulsa International Airport,,36.19839859008789,-95.88809967041016,677.0,,US,US-OK,Tulsa,N,Y,Y,Y,N,Y,Y,Y,Y,N,7
3932,KTUS,large_airport,Tucson International Airport,,32.116100311279304,-110.94100189208984,2643.0,,US,US-AZ,Tucson,Y,Y,Y,Y,N,Y,Y,Y,Y,N,8
3933,KTVC,medium_airport,Cherry Capital Airport,,44.74140167236328,-85.58219909667969,624.0,,US,US-MI,Traverse City,N,N,Y,N,N,Y,Y,Y,N,N,4
3935,KTWF,medium_airport,Joslin Field Magic Valley Regional Airport,,42.4818,-114.487999,4154.0,,US,US-ID,Twin Falls,N,N,N,N,N,N,N,Y,N,N,1
3937,KTYR,medium_airport,Tyler Pounds Regional Airport,,32.35409927368164,-95.40239715576172,544.0,,US,US-TX,Tyler,N,N,N,Y,N,N,N,N,N,N,1
3940,KUIN,medium_airport,Quincy Regional Baldwin Field,,39.94269943,-91.19460297,768.0,,US,US-IL,Quincy,N,N,N,N,N,N,N,Y,N,N,1
21300,KUNV,medium_airport,University Park Airport,,40.8493003845,-77.84870147710002,1239.0,,US,US-PA,State College,N,N,Y,N,N,N,N,Y,N,N,2
21318,KVEL,medium_airport,Vernal Regional Airport,,40.4408989,-109.5100021,5278.0,,US,US-UT,Vernal,N,N,N,N,N,N,N,Y,N,N,1
3946,KVLD,medium_airport,Valdosta Regional Airport,,30.78249931335449,-83.27670288085938,203.0,,US,US-GA,Valdosta,N,N,N,N,N,N,N,Y,N,N,1
3955,KWYS,medium_airport,Yellowstone Airport,,44.68840027,-111.11799620000001,6649.0,,US,US-MT,West Yellowstone,N,N,N,N,N,N,N,Y,N,N,1
21410,KXNA,medium_airport,Northwest Arkansas Regional Airport,,36.281898,-94.30680100000001,1287.0,,US,US-AR,Fayetteville/Springdale/Rogers,N,Y,Y,Y,N,N,N,Y,N,N,4
3984,LDDU,medium_airport,Dubrovnik Airport,,42.5614013671875,18.268199920654297,527.0,EU,HR,HR-19,Dubrovnik,N,Y,N,N,N,N,N,N,N,N,1
4004,LEBL,large_airport,Barcelona International Airport,,41.2971,2.0784599999999998,12.0,EU,ES,ES-CT,Barcelona,N,N,N,N,N,Y,Y,N,N,N,2
4019,LEMD,large_airport,Adolfo Suárez Madrid–Barajas Airport,,40.471926,-3.56264,1998.0,EU,ES,ES-M,Madrid,N,Y,N,N,N,Y,Y,N,N,N,3
4156,LFMN,large_airport,Nice-Côte d'Azur Airport,,43.658401489300005,7.215869903560001,12.0,EU,FR,FR-PAC,Nice,N,N,N,N,N,Y,Y,N,N,N,2
4185,LFPG,large_airport,Charles de Gaulle International Airport,,49.012798,2.55,392.0,EU,FR,FR-IDF,Paris,N,N,N,N,N,Y,Y,N,N,N,2
4251,LGAV,large_airport,Eleftherios Venizelos International Airport,,37.9364013672,23.944499969499997,308.0,EU,GR,GR-A1,Athens,N,N,N,N,N,Y,Y,N,N,N,2
4321,LICJ,large_airport,Falcone–Borsellino Airport,,38.175999,13.091,65.0,EU,IT,IT-82,Palermo,N,N,N,N,N,N,Y,N,N,N,1
4340,LIMC,large_airport,Malpensa International Airport,,45.6306,8.728110000000001,768.0,EU,IT,IT-25,Milan,N,N,N,N,N,Y,Y,N,N,N,2
4368,LIPZ,large_airport,Venice Marco Polo Airport,,45.505299,12.3519,7.0,EU,IT,IT-34,Venice,N,Y,N,N,N,Y,Y,N,N,N,3
4372,LIRF,large_airport,Leonardo da Vinci–Fiumicino Airport,,41.800277799999996,12.238888900000001,13.0,EU,IT,IT-62,Rome,N,Y,N,N,N,Y,Y,N,N,N,3
4378,LIRN,large_airport,Naples International Airport,,40.886002000000005,14.2908,294.0,EU,IT,IT-72,Nápoli,N,N,N,N,N,N,Y,N,N,N,1
4408,LKPR,large_airport,Václav Havel Airport Prague,,50.1008,14.26,1247.0,EU,CZ,CZ-PR,Prague,N,Y,N,N,N,Y,Y,N,N,N,3
21594,LL40,closed,Frankfort Airport,,41.477501000000004,-87.8405,778.0,,US,US-IL,Frankfort,N,N,N,N,N,Y,N,N,N,N,1
4411,LLBG,large_airport,Ben Gurion International Airport,,32.011398315429695,34.88669967651367,135.0,AS,IL,IL-M,Tel Aviv,N,N,N,N,N,Y,Y,N,N,N,2
4459,LPPR,large_airport,Francisco de Sá Carneiro Airport,,41.248100280799996,-8.68138980865,228.0,EU,PT,PT-13,Porto,N,N,N,N,N,N,Y,N,N,N,1
4461,LPPT,large_airport,Humberto Delgado Airport (Lisbon Portela Airport),,38.7813,-9.13592,374.0,EU,PT,PT-11,Lisbon,N,N,N,N,N,Y,Y,N,N,N,2
4490,LSGG,large_airport,Geneva Cointrin International Airport,,46.23809814453125,6.108950138092041,1411.0,EU,CH,CH-GE,Geneva,N,N,N,N,N,N,Y,N,N,N,1
4505,LSZH,large_airport,Zürich Airport,,47.464698999999996,8.54917,1416.0,EU,CH,CH-ZH,Zurich,N,N,N,N,N,Y,Y,N,N,N,2
4628,MBPV,medium_airport,Providenciales Airport,,21.77359962463379,-72.26589965820312,15.0,,TC,TC-PR,Providenciales Island,N,N,N,N,Y,Y,Y,N,Y,N,4
4636,MDPC,large_airport,Punta Cana International Airport,,18.567399978599997,-68.36340332030001,47.0,,DO,DO-11,Punta Cana,N,Y,N,Y,Y,Y,Y,N,Y,N,6
4637,MDPP,medium_airport,Gregorio Luperon International Airport,,19.75790023803711,-70.56999969482422,15.0,,DO,DO-18,Puerto Plata,N,N,N,N,Y,N,Y,N,N,N,2
4638,MDSD,large_airport,Las Américas International Airport,,18.42970085144,-69.668899536133,59.0,,DO,DO-01,Santo Domingo,N,Y,N,Y,Y,Y,Y,N,N,N,5
4640,MDST,medium_airport,Cibao International Airport,,19.406099319458008,-70.60469818115234,565.0,,DO,DO-25,Santiago,N,Y,N,Y,Y,Y,Y,N,N,N,5
4644,MGGT,large_airport,La Aurora Airport,,14.5833,-90.527496,4952.0,,GT,GT-GU,Guatemala City,N,N,N,Y,Y,Y,Y,N,N,N,4
4661,MHLM,medium_airport,Ramón Villeda Morales International Airport,,15.4526,-87.923599,91.0,,HN,HN-CR,San Pedro Sula,N,N,N,N,N,Y,Y,N,N,N,2
4663,MHRO,medium_airport,Juan Manuel Galvez International Airport,,16.316799,-86.523003,39.0,,HN,HN-IB,Roatan Island,N,N,N,N,N,Y,Y,N,N,N,2
4666,MHTG,medium_airport,Toncontín International Airport,,14.06089973449707,-87.21720123291016,3294.0,,HN,HN-FM,Tegucigalpa,N,Y,N,N,N,Y,Y,N,N,N,3
4680,MKJP,large_airport,Norman Manley International Airport,,17.935699462890625,-76.7874984741211,10.0,,JM,JM-01,Kingston,N,Y,N,N,Y,Y,N,N,N,N,3
4681,MKJS,medium_airport,Sangster International Airport,,18.503700256347656,-77.91339874267578,4.0,,JM,JM-08,Montego Bay,N,Y,N,Y,Y,Y,Y,N,Y,N,6
4706,MMCZ,medium_airport,Cozumel International Airport,,20.52239990234375,-86.92559814453125,15.0,,MX,MX-ROO,Cozumel,N,Y,N,N,N,Y,Y,N,Y,N,4
4710,MMGL,large_airport,Don Miguel Hidalgo Y Costilla International Airport,,20.521799087524414,-103.31099700927734,5016.0,,MX,MX-JAL,Guadalajara,Y,N,N,N,N,Y,Y,N,N,N,3
4713,MMHO,large_airport,General Ignacio P. Garcia International Airport,,29.095899581900007,-111.047996521,627.0,,MX,MX-SON,Hermosillo,N,N,N,N,N,N,N,Y,N,N,1
4722,MMLO,medium_airport,Del Bajío International Airport,,20.9935,-101.481003,5956.0,,MX,MX-GUA,Silao,N,N,N,N,N,N,Y,Y,N,N,2
4724,MMLT,medium_airport,Loreto International Airport,,25.989200592041016,-111.3479995727539,34.0,,MX,MX-BCS,Loreto,Y,N,N,N,N,N,N,N,N,N,1
4726,MMMD,medium_airport,Licenciado Manuel Crescencio Rejon Int Airport,,20.9370002747,-89.657699585,38.0,,MX,MX-YUC,Mérida,N,N,N,N,N,N,Y,N,N,N,1
4731,MMMX,large_airport,Licenciado Benito Juarez International Airport,,19.4363,-99.072098,7316.0,,MX,MX-DIF,Mexico City,N,N,N,N,N,Y,Y,N,N,N,2
4732,MMMY,large_airport,General Mariano Escobedo International Airport,,25.7784996033,-100.107002258,1278.0,,MX,MX-NLE,Monterrey,N,N,N,N,N,Y,N,Y,N,N,2
4733,MMMZ,medium_airport,General Rafael Buelna International Airport,,23.1613998413,-106.26599884,38.0,,MX,MX-SIN,Mazatlán,Y,N,N,N,N,Y,N,N,N,N,2
4745,MMPR,large_airport,Licenciado Gustavo Díaz Ordaz International Airport,,20.680099487304688,-105.25399780273438,23.0,,MX,MX-JAL,Puerto Vallarta,Y,Y,N,Y,N,Y,Y,N,Y,N,6
4750,MMSD,large_airport,Los Cabos International Airport,,23.15180015563965,-109.72100067138672,374.0,,MX,MX-BCS,San José del Cabo,Y,Y,N,Y,N,Y,Y,N,Y,N,6
4762,MMUN,large_airport,Cancún International Airport,,21.036500930800003,-86.8770980835,22.0,,MX,MX-ROO,Cancún,Y,Y,N,Y,Y,Y,Y,N,Y,N,7
4766,MMZH,medium_airport,Ixtapa Zihuatanejo International Airport,,17.601600647,-101.460998535,26.0,,MX,MX-GRO,Ixtapa,Y,Y,N,N,N,Y,Y,N,N,N,4
4768,MMZO,medium_airport,Playa De Oro International Airport,,19.144800186199998,-104.558998108,30.0,,MX,MX-COL,Manzanillo,Y,N,N,N,N,N,N,N,N,N,1
4774,MNMG,medium_airport,Augusto C. Sandino (Managua) International Airport,,12.141500473022461,-86.16819763183594,194.0,,NI,NI-MN,Managua,N,N,N,N,N,Y,Y,N,N,N,2
4793,MPTO,large_airport,Tocumen International Airport,,9.0713596344,-79.3834991455,135.0,,PA,PA-8,Tocumen,N,Y,N,N,N,Y,Y,N,N,N,3
4806,MRLB,large_airport,Daniel Oduber Quiros International Airport,,10.5933,-85.544403,270.0,,CR,CR-G,Liberia,Y,N,N,N,Y,Y,Y,N,Y,N,5
4810,MROC,medium_airport,Juan Santamaria International Airport,,9.993860244750977,-84.20880126953125,3021.0,,CR,CR-A,San Jose,Y,N,N,N,Y,Y,Y,N,Y,N,5
4820,MSLP,large_airport,Monseñor Óscar Arnulfo Romero International Airport,,13.4409,-89.055702,101.0,,SV,SV-PA,San Salvador (San Luis Talpa),N,N,N,Y,N,Y,Y,N,N,N,3
4825,MTPP,medium_airport,Toussaint Louverture International Airport,,18.57999992370605,-72.2925033569336,122.0,,HT,HT-OU,Port-au-Prince,N,Y,N,N,Y,N,N,N,N,N,2
4839,MUHA,large_airport,José Martí International Airport,,22.989200592041016,-82.40910339355469,210.0,,CU,CU-03,Havana,N,Y,N,N,Y,Y,Y,N,Y,N,5
4862,MWCR,large_airport,Owen Roberts International Airport,,19.292800903299998,-81.3576965332,8.0,,KY,KY-U-A,Georgetown,N,Y,N,N,Y,N,Y,N,Y,N,4
4939,MYEF,medium_airport,Exuma International Airport,,23.5625991821,-75.8779983521,9.0,,BS,BS-EX,George Town,N,N,N,N,N,Y,N,N,N,N,1
4951,MYNN,large_airport,Lynden Pindling International Airport,,25.039,-77.466202,16.0,,BS,BS-NP,Nassau,N,Y,N,N,Y,Y,Y,N,Y,N,5
4956,MZBZ,large_airport,Philip S. W. Goldson International Airport,,17.539100646972653,-88.30819702148438,15.0,,BZ,BZ-BZ,Belize City,N,Y,N,N,N,Y,Y,N,Y,N,4
4978,NSTU,medium_airport,Pago Pago International Airport,,-14.3310003281,-170.710006714,32.0,OC,AS,AS-U-A,Pago Pago,N,N,N,N,N,N,N,N,N,Y,1
4979,NTAA,large_airport,Faa'a International Airport,,-17.553698999999998,-149.60699499999998,5.0,OC,PF,PF-U-A,Papeete,N,N,N,N,N,N,Y,N,N,Y,2
5023,NZAA,large_airport,Auckland International Airport,,-37.0080986023,174.79200744599999,23.0,OC,NZ,NZ-AUK,Auckland,N,N,N,N,N,N,Y,N,N,Y,2
5338,PABE,medium_airport,Bethel Airport,,60.77980042,-161.8379974,126.0,,US,US-AK,Bethel,Y,N,N,N,N,N,N,N,N,N,1
5342,PABR,medium_airport,Wiley Post Will Rogers Memorial Airport,,71.285402,-156.766008,44.0,,US,US-AK,Utqiaġvik,Y,N,N,N,N,N,N,N,N,N,1
5348,PACV,medium_airport,Merle K (Mudhole) Smith Airport,,60.49179839999999,-145.4779968,54.0,,US,US-AK,Cordova,Y,N,N,N,N,N,N,N,N,N,1
16092,PADK,medium_airport,Adak Airport,,51.87799835205078,-176.64599609375,18.0,,US,US-AK,Adak Island,Y,N,N,N,N,N,N,N,N,N,1
5351,PADL,medium_airport,Dillingham Airport,,59.04470062,-158.50500490000002,81.0,,US,US-AK,Dillingham,Y,N,N,N,N,N,N,N,N,N,1
5353,PADQ,medium_airport,Kodiak Airport,,57.75,-152.4940033,78.0,,US,US-AK,Kodiak,Y,N,N,N,N,N,N,N,N,N,1
5360,PAFA,large_airport,Fairbanks International Airport,,64.81510162,-147.85600280000003,439.0,,US,US-AK,Fairbanks,Y,N,N,N,N,Y,Y,N,N,N,3
5369,PAGS,medium_airport,Gustavus Airport,,58.42530060000001,-135.7070007,35.0,,US,US-AK,Gustavus,Y,N,N,N,N,N,N,N,N,N,1
5379,PAJN,medium_airport,Juneau International Airport,,58.35499954223633,-134.57600402832028,21.0,,US,US-AK,Juneau,Y,N,N,N,N,Y,N,N,N,N,2
5380,PAKN,medium_airport,King Salmon Airport,,58.67679977,-156.6490021,73.0,,US,US-AK,King Salmon,Y,N,N,N,N,N,N,N,N,N,1
5382,PAKT,medium_airport,Ketchikan International Airport,,55.35559845,-131.7140045,89.0,,US,US-AK,Ketchikan,Y,N,N,N,N,N,N,N,N,N,1
5393,PAOM,medium_airport,Nome Airport,,64.51219940185547,-165.44500732421875,37.0,,US,US-AK,Nome,Y,N,N,N,N,N,N,N,N,N,1
5395,PAOT,medium_airport,Ralph Wien Memorial Airport,,66.88469696,-162.598999,14.0,,US,US-AK,Kotzebue,Y,N,N,N,N,N,N,N,N,N,1
5398,PAPG,medium_airport,Petersburg James A Johnson Airport,,56.80170059,-132.9450073,111.0,,US,US-AK,Petersburg,Y,N,N,N,N,N,N,N,N,N,1
5405,PASC,medium_airport,Deadhorse Airport,,70.19470215,-148.46499630000002,65.0,,US,US-AK,Deadhorse,Y,N,N,N,N,N,N,N,N,N,1
5408,PASI,medium_airport,Sitka Rocky Gutierrez Airport,,57.04710006713867,-135.36199951171878,21.0,,US,US-AK,Sitka,Y,N,N,N,N,N,N,N,N,N,1
5421,PAWG,medium_airport,Wrangell Airport,,56.48429871,-132.36999509999998,49.0,,US,US-AK,Wrangell,Y,N,N,N,N,N,N,N,N,N,1
26343,PAYA,medium_airport,Yakutat Airport,,59.503299713100006,-139.660003662,33.0,,US,US-AK,Yakutat,Y,N,N,N,N,N,N,N,N,N,1
5446,PHJH,medium_airport,Kapalua Airport,,20.962900161743164,-156.67300415039062,256.0,,US,US-HI,Lahaina,N,N,N,N,N,N,N,N,N,Y,1
5448,PHKO,medium_airport,Ellison Onizuka Kona International At Keahole Airport,,19.738782999999998,-156.045603,47.0,,US,US-HI,Kailua/Kona,Y,N,N,N,N,Y,Y,N,Y,Y,5
5449,PHLI,medium_airport,Lihue Airport,,21.97599983215332,-159.33900451660156,153.0,,US,US-HI,Lihue,Y,Y,N,N,N,Y,Y,N,Y,Y,6
5450,PHMK,medium_airport,Molokai Airport,,21.15290069580078,-157.0959930419922,454.0,,US,US-HI,Kaunakakai,N,N,N,N,N,N,N,N,N,Y,1
5454,PHNY,medium_airport,Lanai Airport,,20.785600662231445,-156.9510040283203,1308.0,,US,US-HI,Lanai City,N,N,N,N,N,N,N,N,N,Y,1
5457,PHTO,medium_airport,Hilo International Airport,,19.721399307250977,-155.04800415039062,38.0,,US,US-HI,Hilo,N,N,N,N,N,N,Y,N,Y,Y,3
5488,PKMJ,medium_airport,Marshall Islands International Airport,,7.064760208129883,171.27200317382812,6.0,OC,MH,MH-MAJ,Majuro Atoll,N,N,N,N,N,N,Y,N,N,N,1
5490,PKWA,medium_airport,Bucholz Army Air Field,,8.720120429992676,167.73199462890625,9.0,OC,MH,MH-KWA,Kwajalein,N,N,N,N,N,N,Y,N,N,N,1
5499,PTKK,medium_airport,Chuuk International Airport,,7.461870193481445,151.84300231933594,11.0,OC,FM,FM-TRK,Weno Island,N,N,N,N,N,N,Y,N,N,N,1
5500,PTPN,medium_airport,Pohnpei International Airport,,6.985099792480469,158.20899963378906,10.0,OC,FM,FM-PNI,Pohnpei Island,N,N,N,N,N,N,Y,N,N,N,1
5501,PTRO,medium_airport,Babelthuap Airport,,7.367310000000001,134.544236,176.0,OC,PW,PW-004,Babelthuap Island,N,N,N,N,N,Y,Y,N,N,N,2
5502,PTSA,medium_airport,Kosrae International Airport,,5.35698,162.957993,11.0,OC,FM,FM-KSA,Okat,N,N,N,N,N,N,Y,N,N,N,1
5503,PTYA,medium_airport,Yap International Airport,,9.49891,138.082993,91.0,OC,FM,FM-YAP,Yap Island,N,N,N,N,N,N,Y,N,N,N,1
5528,RCTP,large_airport,Taiwan Taoyuan International Airport,,25.0777,121.233002,106.0,AS,TW,TW-TAO,Taipei,N,N,N,N,N,N,Y,N,N,N,1
5531,RJAA,large_airport,Narita International Airport,,35.764701843299996,140.386001587,141.0,AS,JP,JP-12,Tokyo,N,Y,N,N,N,N,Y,N,N,Y,3
5536,RJBB,large_airport,Kansai International Airport,,34.42729949951172,135.24400329589844,26.0,AS,JP,JP-27,Osaka,N,N,N,N,N,Y,Y,N,N,Y,3
5544,RJCC,large_airport,New Chitose Airport,,42.77519989013672,141.69200134277344,82.0,AS,JP,JP-01,Chitose / Tomakomai,N,N,N,N,N,N,N,N,N,Y,1
5564,RJFF,large_airport,Fukuoka Airport,,33.585899353027344,130.45100402832028,32.0,AS,JP,JP-40,Fukuoka,N,N,N,N,N,N,Y,N,N,Y,2
5576,RJGG,large_airport,Chubu Centrair International Airport,,34.8583984375,136.80499267578122,15.0,AS,JP,JP-23,Tokoname,N,N,N,N,N,Y,Y,N,N,N,2
5627,RJTT,large_airport,Tokyo Haneda International Airport,,35.552299,139.779999,35.0,AS,JP,JP-13,Tokyo,N,N,N,N,N,Y,Y,N,N,Y,3
5653,RKSI,large_airport,Incheon International Airport,,37.46910095214844,126.45099639892578,23.0,AS,KR,KR-28,Seoul,N,Y,N,N,N,Y,Y,N,N,Y,4
5689,RPLL,large_airport,Ninoy Aquino International Airport,,14.5086,121.019997,75.0,AS,PH,PH-U-A,Manila,N,N,N,N,N,Y,Y,N,N,N,2
5781,SAEZ,large_airport,Ministro Pistarini International Airport,,-34.8222,-58.5358,67.0,SA,AR,AR-B,Buenos Aires,N,Y,N,N,N,Y,Y,N,N,N,3
5897,SBEG,large_airport,Eduardo Gomes International Airport,,-3.03861,-60.049702,264.0,SA,BR,BR-AM,Manaus,N,Y,N,N,N,N,N,N,N,N,1
5906,SBGL,large_airport,Rio Galeão – Tom Jobim International Airport,,-22.809999465900002,-43.2505569458,28.0,SA,BR,BR-RJ,Rio De Janeiro,N,N,N,N,N,Y,Y,N,N,N,2
5910,SBGR,large_airport,Guarulhos - Governador André Franco Montoro International Airport,,-23.435556411743164,-46.47305679321289,2459.0,SA,BR,BR-SP,São Paulo,N,N,N,N,N,Y,Y,N,N,N,2
6015,SCEL,large_airport,Comodoro Arturo Merino Benítez International Airport,,-33.393001556396484,-70.78579711914062,1555.0,SA,CL,CL-RM,Santiago,N,N,N,N,N,Y,Y,N,N,N,2
6056,SEGU,medium_airport,José Joaquín de Olmedo International Airport,,-2.15741991997,-79.88359832760001,19.0,SA,EC,EC-G,Guayaquil,N,Y,N,N,Y,N,N,N,N,N,2
308273,SEQM,large_airport,Mariscal Sucre International Airport,,-0.129166666667,-78.3575,7841.0,SA,EC,EC-P,Quito,N,Y,N,N,Y,Y,Y,N,N,N,4
6104,SKBO,large_airport,El Dorado International Airport,,4.70159,-74.1469,8361.0,SA,CO,CO-CUN,Bogota,N,Y,N,N,Y,Y,Y,N,N,N,4
6105,SKBQ,medium_airport,Ernesto Cortissoz International Airport,,10.8896,-74.7808,98.0,SA,CO,CO-ATL,Barranquilla,N,Y,N,N,N,N,N,N,N,N,1
6109,SKCG,medium_airport,Rafael Nuñez International Airport,,10.4424,-75.513,4.0,SA,CO,CO-BOL,Cartagena,N,N,N,N,N,Y,N,N,N,N,1
6148,SKPE,medium_airport,Matecaña International Airport,,4.81267,-75.7395,4416.0,SA,CO,CO-RIS,Pereira,N,Y,N,N,N,N,N,N,N,N,1
6158,SKRG,medium_airport,Jose Maria Córdova International Airport,,6.164540000000001,-75.4231,6955.0,SA,CO,CO-ANT,Medellín,N,N,N,N,Y,N,N,N,N,N,1
6217,SPIM,large_airport,Jorge Chávez International Airport,,-12.0219,-77.114305,113.0,SA,PE,PE-LIM,Lima,N,Y,N,N,Y,Y,Y,N,N,N,4
6356,SYCJ,medium_airport,Cheddi Jagan International Airport,,6.498549938201903,-58.25410079956055,95.0,SA,GY,GY-DE,Georgetown,N,Y,N,N,Y,N,N,N,N,N,2
6359,TAPA,medium_airport,V.C. Bird International Airport,,17.1367,-61.792702,62.0,,AG,AG-03,St. John's,N,Y,N,N,Y,Y,Y,N,N,N,4
6360,TBPB,medium_airport,Grantley Adams International Airport,,13.0746,-59.4925,169.0,,BB,BB-01,Bridgetown,N,Y,N,N,Y,N,N,N,N,N,2
24825,TE17,small_airport,Heathrow Airport,,31.43910026550293,-97.14689636230469,525.0,,US,US-TX,Robinson,N,Y,N,N,N,N,N,N,N,N,1
6363,TFFF,medium_airport,Martinique Aimé Césaire International Airport,,14.590999603271484,-61.00320053100586,16.0,,MQ,MQ-U-A,Fort-de-France,N,Y,N,N,N,N,N,N,N,N,1
6366,TFFR,large_airport,Pointe-à-Pitre Le Raizet,,16.265301,-61.531799,36.0,,GP,GP-U-A,Pointe-à-Pitre,N,N,N,N,Y,N,N,N,N,N,1
6367,TGPY,medium_airport,Point Salines International Airport,,12.004199981689453,-61.78620147705078,41.0,,GD,GD-GE,Saint George's,N,N,N,N,N,Y,N,N,N,N,1
6369,TIST,medium_airport,Cyril E. King Airport,,18.337299346923828,-64.97339630126953,23.0,,VI,VI-U-A,"Charlotte Amalie, Harry S. Truman Airport",N,Y,N,N,Y,Y,Y,N,N,N,4
6370,TISX,medium_airport,Henry E Rohlsen Airport,,17.701900482177734,-64.79859924316406,74.0,,VI,VI-U-A,Christiansted,N,Y,N,N,N,Y,N,N,N,N,2
6379,TJBQ,medium_airport,Rafael Hernandez Airport,,18.49489974975586,-67.12940216064453,237.0,,PR,PR-U-A,Aguadilla,N,N,N,N,Y,N,Y,N,N,N,2
6383,TJPS,medium_airport,Mercedita Airport,,18.00830078125,-66.56300354003906,29.0,,PR,PR-U-A,Ponce,N,N,N,N,Y,N,N,N,N,N,1
6386,TKPK,medium_airport,Robert L. Bradshaw International Airport,,17.311199188232422,-62.71870040893555,170.0,,KN,KN-U-A,Basseterre,N,Y,N,N,N,Y,Y,N,N,N,3
6389,TLPL,medium_airport,Hewanorra International Airport,,13.7332,-60.952599,14.0,,LC,LC-11,Vieux Fort,N,Y,N,N,Y,Y,Y,N,N,N,4
6402,TNCA,medium_airport,Queen Beatrix International Airport,,12.5014,-70.015198,60.0,,AW,AW-U-A,Oranjestad,N,Y,N,N,Y,Y,Y,N,Y,N,5
6403,TNCB,medium_airport,Flamingo International Airport,,12.130999565124512,-68.26850128173828,20.0,,BQ,BQ-U-A,Kralendijk,N,Y,N,N,N,Y,Y,N,N,N,3
6404,TNCC,medium_airport,Hato International Airport,,12.1889,-68.959801,29.0,,CW,CW-U-A,Willemstad,N,N,N,N,Y,N,Y,N,N,N,2
6406,TNCM,large_airport,Princess Juliana International Airport,,18.0410003662,-63.108898162799996,13.0,,SX,SX-U-A,Saint Martin,N,Y,N,N,Y,Y,Y,N,N,N,4
6410,TTPP,medium_airport,Piarco International Airport,,10.595399856567383,-61.33720016479492,58.0,,TT,TT-TUP,Port of Spain,N,Y,N,N,Y,N,Y,N,N,N,3
322383,TVSA,medium_airport,Argyle International Airport,,13.156695000000001,-61.149944999999995,136.0,,VC,VC-U-A,Kingstown,N,Y,N,N,N,N,N,N,N,N,1
6416,TXKF,medium_airport,L.F. Wade International International Airport,,32.363998413085945,-64.67870330810547,12.0,,BM,BM-U-A,Hamilton,N,N,N,N,Y,Y,Y,N,N,N,3
26434,VABB,large_airport,Chhatrapati Shivaji International Airport,,19.088699340799998,72.8678970337,39.0,AS,IN,IN-MM,Mumbai,N,N,N,N,N,Y,Y,N,N,N,2
26535,VHHH,large_airport,Hong Kong International Airport,,22.308901000000002,113.915001,28.0,AS,HK,HK-U-A,Hong Kong,N,N,N,N,N,N,Y,N,N,N,1
26555,VIDP,large_airport,Indira Gandhi International Airport,,28.5665,77.103104,777.0,AS,IN,IN-DL,New Delhi,N,N,N,N,N,N,Y,N,N,N,1
26887,WSSS,large_airport,Singapore Changi Airport,,1.35019,103.994003,22.0,AS,SG,SG-04,Singapore,N,N,N,N,N,N,Y,N,N,N,1
26901,YBBN,large_airport,Brisbane International Airport,,-27.38419914245605,153.11700439453125,13.0,OC,AU,AU-QLD,Brisbane,N,N,N,N,N,N,N,N,N,Y,1
27145,YSSY,large_airport,Sydney Kingsford Smith International Airport,,-33.94609832763672,151.177001953125,21.0,OC,AU,AU-NSW,Sydney,N,N,N,N,N,Y,Y,N,N,Y,3
27188,ZBAA,large_airport,Beijing Capital International Airport,,40.0801010131836,116.58499908447266,116.0,AS,CN,CN-11,Beijing,N,N,N,N,N,N,Y,N,N,N,1
330820,ZBAD,large_airport,Beijing Daxing International Airport,,39.509945,116.41091999999999,98.0,AS,CN,CN-13,Beijing,N,N,N,N,N,Y,N,N,N,N,1
27223,ZSPD,large_airport,Shanghai Pudong International Airport,,31.143400192260746,121.80500030517578,13.0,AS,CN,CN-31,Shanghai,N,N,N,N,N,Y,Y,N,N,N,2
27230,ZUUU,large_airport,Chengdu Shuangliu International Airport,,30.578500747680664,103.9469985961914,1625.0,AS,CN,CN-51,Chengdu,N,N,N,N,N,N,Y,N,N,N,1
